production_id,date,time,am_pm,turbine_name,capacity,location_name,latitude,longitude,region,status,responsible_department,wind_speed,wind_direction,energy_produced
8641,20240621,T00:00:00,AM,Turbine A,2200,Location 1,34.0522,-118.2437,Region A,Online,Operations,17.45755,S,1627.55929
8642,20240621,T00:00:00,AM,Turbine B,2000,Location 2,36.7783,-119.4179,Region B,Online,Operations,20.29552,SW,1264.55298
8643,20240621,T00:00:00,AM,Turbine C,2500,Location 3,40.7128,-74.006,Region C,Online,Operations,8.52022,W,656.71982
8644,20240621,T00:10:00,AM,Turbine A,2200,Location 1,34.0522,-118.2437,Region A,Online,Operations,23.42533,W,649.29094
8645,20240621,T00:10:00,AM,Turbine B,2000,Location 2,36.7783,-119.4179,Region B,Online,Operations,15.63868,S,908.39591
8646,20240621,T00:10:00,AM,Turbine C,2500,Location 3,40.7128,-74.006,Region C,Online,Operations,12.50574,W,819.32435
8647,20240621,T00:20:00,AM,Turbine A,2200,Location 1,34.0522,-118.2437,Region A,Online,Operations,7.25815,NW,1283.28312
8648,20240621,T00:20:00,AM,Turbine B,2000,Location 2,36.7783,-119.4179,Region B,Online,Operations,10.88158,NE,1903.45178
8649,20240621,T00:20:00,AM,Turbine C,2500,Location 3,40.7128,-74.006,Region C,Online,Operations,3.67648,E,1134.56264
8650,20240621,T00:30:00,AM,Turbine A,2200,Location 1,34.0522,-118.2437,Region A,Online,Operations,9.59959,NW,1016.57972
8651,20240621,T00:30:00,AM,Turbine B,2000,Location 2,36.7783,-119.4179,Region B,Reactive Maintenance,Maintenance,17.58689,SW,0.0
8652,20240621,T00:30:00,AM,Turbine C,2500,Location 3,40.7128,-74.006,Region C,Online,Operations,12.37555,E,1281.35134
8653,20240621,T00:40:00,AM,Turbine A,2200,Location 1,34.0522,-118.2437,Region A,Online,Operations,17.82498,W,1229.70797
8654,20240621,T00:40:00,AM,Turbine B,2000,Location 2,36.7783,-119.4179,Region B,Inspection,Maintenance,21.63213,E,0.0
8655,20240621,T00:40:00,AM,Turbine C,2500,Location 3,40.7128,-74.006,Region C,Online,Operations,15.50279,NW,925.27747
8656,20240621,T00:50:00,AM,Turbine A,2200,Location 1,34.0522,-118.2437,Region A,Online,Operations,5.05789,E,1234.00588
8657,20240621,T00:50:00,AM,Turbine B,2000,Location 2,36.7783,-119.4179,Region B,Online,Operations,14.60862,SW,1939.67055
8658,20240621,T00:50:00,AM,Turbine C,2500,Location 3,40.7128,-74.006,Region C,Online,Operations,24.65791,NE,1191.57784
8659,20240621,T01:00:00,AM,Turbine A,2200,Location 1,34.0522,-118.2437,Region A,Online,Operations,14.41142,E,1825.49554
8660,20240621,T01:00:00,AM,Turbine B,2000,Location 2,36.7783,-119.4179,Region B,Online,Operations,12.61339,SW,1686.22054
8661,20240621,T01:00:00,AM,Turbine C,2500,Location 3,40.7128,-74.006,Region C,Online,Operations,6.38163,NE,1937.08497
8662,20240621,T01:10:00,AM,Turbine A,2200,Location 1,34.0522,-118.2437,Region A,Online,Operations,7.16714,W,541.37454
8663,20240621,T01:10:00,AM,Turbine B,2000,Location 2,36.7783,-119.4179,Region B,Online,Operations,24.88771,NW,1182.30229
8664,20240621,T01:10:00,AM,Turbine C,2500,Location 3,40.7128,-74.006,Region C,Online,Operations,12.70169,NW,1835.63026
8665,20240621,T01:20:00,AM,Turbine A,2200,Location 1,34.0522,-118.2437,Region A,Online,Operations,24.46642,NW,1346.36436
8666,20240621,T01:20:00,AM,Turbine B,2000,Location 2,36.7783,-119.4179,Region B,Offline,Operations,24.67109,S,0.0
8667,20240621,T01:20:00,AM,Turbine C,2500,Location 3,40.7128,-74.006,Region C,Online,Operations,14.65359,SE,1988.22687
8668,20240621,T01:30:00,AM,Turbine A,2200,Location 1,34.0522,-118.2437,Region A,Online,Operations,16.69788,W,1946.09768
8669,20240621,T01:30:00,AM,Turbine B,2000,Location 2,36.7783,-119.4179,Region B,Online,Operations,2.26166,N,996.44241
8670,20240621,T01:30:00,AM,Turbine C,2500,Location 3,40.7128,-74.006,Region C,Online,Operations,3.99605,S,505.83668
8671,20240621,T01:40:00,AM,Turbine A,2200,Location 1,34.0522,-118.2437,Region A,Online,Operations,21.62054,NE,808.0943
8672,20240621,T01:40:00,AM,Turbine B,2000,Location 2,36.7783,-119.4179,Region B,Online,Operations,16.18351,SE,1355.2477
8673,20240621,T01:40:00,AM,Turbine C,2500,Location 3,40.7128,-74.006,Region C,Online,Operations,7.84213,S,701.13596
8674,20240621,T01:50:00,AM,Turbine A,2200,Location 1,34.0522,-118.2437,Region A,Online,Operations,5.41586,S,829.16241
8675,20240621,T01:50:00,AM,Turbine B,2000,Location 2,36.7783,-119.4179,Region B,Offline,Operations,16.10683,W,0.0
8676,20240621,T01:50:00,AM,Turbine C,2500,Location 3,40.7128,-74.006,Region C,Online,Operations,2.40932,SW,697.7643
8677,20240621,T02:00:00,AM,Turbine A,2200,Location 1,34.0522,-118.2437,Region A,Online,Operations,9.16587,NW,646.89458
8678,20240621,T02:00:00,AM,Turbine B,2000,Location 2,36.7783,-119.4179,Region B,Online,Operations,7.27463,E,977.40277
8679,20240621,T02:00:00,AM,Turbine C,2500,Location 3,40.7128,-74.006,Region C,Online,Operations,17.96398,N,1190.09666
8680,20240621,T02:10:00,AM,Turbine A,2200,Location 1,34.0522,-118.2437,Region A,Online,Operations,3.00814,E,643.67614
8681,20240621,T02:10:00,AM,Turbine B,2000,Location 2,36.7783,-119.4179,Region B,Online,Operations,2.69607,NE,632.35951
8682,20240621,T02:10:00,AM,Turbine C,2500,Location 3,40.7128,-74.006,Region C,Online,Operations,21.73745,NE,1881.49627
8683,20240621,T02:20:00,AM,Turbine A,2200,Location 1,34.0522,-118.2437,Region A,Online,Operations,23.33474,SE,1643.04964
8684,20240621,T02:20:00,AM,Turbine B,2000,Location 2,36.7783,-119.4179,Region B,Online,Operations,7.64568,SW,1283.90734
8685,20240621,T02:20:00,AM,Turbine C,2500,Location 3,40.7128,-74.006,Region C,Online,Operations,3.49734,S,1236.92502
8686,20240621,T02:30:00,AM,Turbine A,2200,Location 1,34.0522,-118.2437,Region A,Online,Operations,9.55652,E,1391.94954
8687,20240621,T02:30:00,AM,Turbine B,2000,Location 2,36.7783,-119.4179,Region B,Online,Operations,23.59625,S,611.12195
8688,20240621,T02:30:00,AM,Turbine C,2500,Location 3,40.7128,-74.006,Region C,Online,Operations,6.91529,SW,1480.57107
8689,20240621,T02:40:00,AM,Turbine A,2200,Location 1,34.0522,-118.2437,Region A,Online,Operations,5.88113,N,1546.32776
8690,20240621,T02:40:00,AM,Turbine B,2000,Location 2,36.7783,-119.4179,Region B,Online,Operations,17.82811,SE,927.29332
8691,20240621,T02:40:00,AM,Turbine C,2500,Location 3,40.7128,-74.006,Region C,Online,Operations,17.46972,N,899.23952
8692,20240621,T02:50:00,AM,Turbine A,2200,Location 1,34.0522,-118.2437,Region A,Online,Operations,20.28656,S,948.5272
8693,20240621,T02:50:00,AM,Turbine B,2000,Location 2,36.7783,-119.4179,Region B,Preventive Maintenance,Maintenance,4.06142,S,0.0
8694,20240621,T02:50:00,AM,Turbine C,2500,Location 3,40.7128,-74.006,Region C,Online,Operations,20.75669,NE,1412.48252
8695,20240621,T03:00:00,AM,Turbine A,2200,Location 1,34.0522,-118.2437,Region A,Online,Operations,11.41545,W,506.00136
8696,20240621,T03:00:00,AM,Turbine B,2000,Location 2,36.7783,-119.4179,Region B,Online,Operations,24.11862,SE,1890.30638
8697,20240621,T03:00:00,AM,Turbine C,2500,Location 3,40.7128,-74.006,Region C,Online,Operations,3.93916,SE,1181.39381
8698,20240621,T03:10:00,AM,Turbine A,2200,Location 1,34.0522,-118.2437,Region A,Offline,Operations,19.87928,E,0.0
8699,20240621,T03:10:00,AM,Turbine B,2000,Location 2,36.7783,-119.4179,Region B,Online,Operations,20.68708,S,1865.10165
8700,20240621,T03:10:00,AM,Turbine C,2500,Location 3,40.7128,-74.006,Region C,Online,Operations,4.9102,NW,902.30842
8701,20240621,T03:20:00,AM,Turbine A,2200,Location 1,34.0522,-118.2437,Region A,Online,Operations,9.39985,SE,514.02274
8702,20240621,T03:20:00,AM,Turbine B,2000,Location 2,36.7783,-119.4179,Region B,Offline,Operations,16.75677,SE,0.0
8703,20240621,T03:20:00,AM,Turbine C,2500,Location 3,40.7128,-74.006,Region C,Online,Operations,21.2373,SW,1796.72799
8704,20240621,T03:30:00,AM,Turbine A,2200,Location 1,34.0522,-118.2437,Region A,Inspection,Maintenance,20.84227,SE,0.0
8705,20240621,T03:30:00,AM,Turbine B,2000,Location 2,36.7783,-119.4179,Region B,Online,Operations,19.65898,SW,689.26737
8706,20240621,T03:30:00,AM,Turbine C,2500,Location 3,40.7128,-74.006,Region C,Online,Operations,15.70788,SW,1747.1688
8707,20240621,T03:40:00,AM,Turbine A,2200,Location 1,34.0522,-118.2437,Region A,Online,Operations,18.89437,E,686.09779
8708,20240621,T03:40:00,AM,Turbine B,2000,Location 2,36.7783,-119.4179,Region B,Offline,Operations,7.66545,NE,0.0
8709,20240621,T03:40:00,AM,Turbine C,2500,Location 3,40.7128,-74.006,Region C,Online,Operations,7.47729,SE,1243.39248
8710,20240621,T03:50:00,AM,Turbine A,2200,Location 1,34.0522,-118.2437,Region A,Online,Operations,18.89253,S,1642.45973
8711,20240621,T03:50:00,AM,Turbine B,2000,Location 2,36.7783,-119.4179,Region B,Reactive Maintenance,Maintenance,14.85514,W,0.0
8712,20240621,T03:50:00,AM,Turbine C,2500,Location 3,40.7128,-74.006,Region C,Online,Operations,20.91982,S,563.42576
8713,20240621,T04:00:00,AM,Turbine A,2200,Location 1,34.0522,-118.2437,Region A,Online,Operations,22.30159,N,830.715
8714,20240621,T04:00:00,AM,Turbine B,2000,Location 2,36.7783,-119.4179,Region B,Online,Operations,14.58166,N,586.11368
8715,20240621,T04:00:00,AM,Turbine C,2500,Location 3,40.7128,-74.006,Region C,Online,Operations,11.37862,NW,1017.41155
8716,20240621,T04:10:00,AM,Turbine A,2200,Location 1,34.0522,-118.2437,Region A,Online,Operations,14.6915,S,1445.72569
8717,20240621,T04:10:00,AM,Turbine B,2000,Location 2,36.7783,-119.4179,Region B,Online,Operations,18.51711,NW,702.3003
8718,20240621,T04:10:00,AM,Turbine C,2500,Location 3,40.7128,-74.006,Region C,Online,Operations,9.73316,NW,833.92474
8719,20240621,T04:20:00,AM,Turbine A,2200,Location 1,34.0522,-118.2437,Region A,Online,Operations,14.7124,NE,871.17874
8720,20240621,T04:20:00,AM,Turbine B,2000,Location 2,36.7783,-119.4179,Region B,Online,Operations,15.70736,S,1415.91168
8721,20240621,T04:20:00,AM,Turbine C,2500,Location 3,40.7128,-74.006,Region C,Online,Operations,14.58703,S,1761.26159
8722,20240621,T04:30:00,AM,Turbine A,2200,Location 1,34.0522,-118.2437,Region A,Online,Operations,4.09496,N,750.81412
8723,20240621,T04:30:00,AM,Turbine B,2000,Location 2,36.7783,-119.4179,Region B,Online,Operations,6.10405,S,1090.32401
8724,20240621,T04:30:00,AM,Turbine C,2500,Location 3,40.7128,-74.006,Region C,Online,Operations,10.27547,SW,1292.22373
8725,20240621,T04:40:00,AM,Turbine A,2200,Location 1,34.0522,-118.2437,Region A,Online,Operations,3.89598,N,697.77447
8726,20240621,T04:40:00,AM,Turbine B,2000,Location 2,36.7783,-119.4179,Region B,Preventive Maintenance,Maintenance,8.77488,N,0.0
8727,20240621,T04:40:00,AM,Turbine C,2500,Location 3,40.7128,-74.006,Region C,Reactive Maintenance,Maintenance,22.04734,N,0.0
8728,20240621,T04:50:00,AM,Turbine A,2200,Location 1,34.0522,-118.2437,Region A,Online,Operations,22.18637,NW,1750.38578
8729,20240621,T04:50:00,AM,Turbine B,2000,Location 2,36.7783,-119.4179,Region B,Inspection,Maintenance,17.79439,W,0.0
8730,20240621,T04:50:00,AM,Turbine C,2500,Location 3,40.7128,-74.006,Region C,Offline,Operations,13.56373,SW,0.0
8731,20240621,T05:00:00,AM,Turbine A,2200,Location 1,34.0522,-118.2437,Region A,Online,Operations,6.17038,NW,1787.0083
8732,20240621,T05:00:00,AM,Turbine B,2000,Location 2,36.7783,-119.4179,Region B,Online,Operations,14.01814,N,510.28145
8733,20240621,T05:00:00,AM,Turbine C,2500,Location 3,40.7128,-74.006,Region C,Online,Operations,11.43256,N,1375.60538
8734,20240621,T05:10:00,AM,Turbine A,2200,Location 1,34.0522,-118.2437,Region A,Online,Operations,15.60987,SE,656.05849
8735,20240621,T05:10:00,AM,Turbine B,2000,Location 2,36.7783,-119.4179,Region B,Online,Operations,9.92533,SE,959.65144
8736,20240621,T05:10:00,AM,Turbine C,2500,Location 3,40.7128,-74.006,Region C,Online,Operations,2.62971,SE,1558.56806
8737,20240621,T05:20:00,AM,Turbine A,2200,Location 1,34.0522,-118.2437,Region A,Preventive Maintenance,Maintenance,5.91103,NE,0.0
8738,20240621,T05:20:00,AM,Turbine B,2000,Location 2,36.7783,-119.4179,Region B,Online,Operations,3.12481,SE,840.37904
8739,20240621,T05:20:00,AM,Turbine C,2500,Location 3,40.7128,-74.006,Region C,Online,Operations,12.77379,S,1790.30286
8740,20240621,T05:30:00,AM,Turbine A,2200,Location 1,34.0522,-118.2437,Region A,Online,Operations,2.9658,N,1711.49173
8741,20240621,T05:30:00,AM,Turbine B,2000,Location 2,36.7783,-119.4179,Region B,Online,Operations,4.24969,E,1931.07844
8742,20240621,T05:30:00,AM,Turbine C,2500,Location 3,40.7128,-74.006,Region C,Online,Operations,10.17427,E,1171.43071
8743,20240621,T05:40:00,AM,Turbine A,2200,Location 1,34.0522,-118.2437,Region A,Online,Operations,11.59845,S,1017.56981
8744,20240621,T05:40:00,AM,Turbine B,2000,Location 2,36.7783,-119.4179,Region B,Online,Operations,24.66085,N,1391.5584
8745,20240621,T05:40:00,AM,Turbine C,2500,Location 3,40.7128,-74.006,Region C,Online,Operations,8.56813,SW,1025.94226
8746,20240621,T05:50:00,AM,Turbine A,2200,Location 1,34.0522,-118.2437,Region A,Online,Operations,19.64015,NW,1431.30968
8747,20240621,T05:50:00,AM,Turbine B,2000,Location 2,36.7783,-119.4179,Region B,Online,Operations,24.06641,S,1233.08097
8748,20240621,T05:50:00,AM,Turbine C,2500,Location 3,40.7128,-74.006,Region C,Online,Operations,9.91415,W,1267.90567
8749,20240621,T06:00:00,AM,Turbine A,2200,Location 1,34.0522,-118.2437,Region A,Online,Operations,12.75516,SE,698.61976
8750,20240621,T06:00:00,AM,Turbine B,2000,Location 2,36.7783,-119.4179,Region B,Offline,Operations,13.63282,E,0.0
8751,20240621,T06:00:00,AM,Turbine C,2500,Location 3,40.7128,-74.006,Region C,Online,Operations,24.55044,SW,873.9967
8752,20240621,T06:10:00,AM,Turbine A,2200,Location 1,34.0522,-118.2437,Region A,Online,Operations,13.83212,NW,957.12814
8753,20240621,T06:10:00,AM,Turbine B,2000,Location 2,36.7783,-119.4179,Region B,Online,Operations,22.70262,NW,1414.89996
8754,20240621,T06:10:00,AM,Turbine C,2500,Location 3,40.7128,-74.006,Region C,Offline,Operations,9.16274,NE,0.0
8755,20240621,T06:20:00,AM,Turbine A,2200,Location 1,34.0522,-118.2437,Region A,Reactive Maintenance,Maintenance,13.2482,N,0.0
8756,20240621,T06:20:00,AM,Turbine B,2000,Location 2,36.7783,-119.4179,Region B,Online,Operations,23.25498,NW,1569.83632
8757,20240621,T06:20:00,AM,Turbine C,2500,Location 3,40.7128,-74.006,Region C,Online,Operations,12.37589,S,1040.7244
8758,20240621,T06:30:00,AM,Turbine A,2200,Location 1,34.0522,-118.2437,Region A,Online,Operations,23.9406,N,1250.87987
8759,20240621,T06:30:00,AM,Turbine B,2000,Location 2,36.7783,-119.4179,Region B,Online,Operations,2.69314,NE,1929.92222
8760,20240621,T06:30:00,AM,Turbine C,2500,Location 3,40.7128,-74.006,Region C,Preventive Maintenance,Maintenance,12.03753,SE,0.0
8761,20240621,T06:40:00,AM,Turbine A,2200,Location 1,34.0522,-118.2437,Region A,Online,Operations,8.40427,E,1137.16722
8762,20240621,T06:40:00,AM,Turbine B,2000,Location 2,36.7783,-119.4179,Region B,Online,Operations,12.29156,SE,1193.82171
8763,20240621,T06:40:00,AM,Turbine C,2500,Location 3,40.7128,-74.006,Region C,Online,Operations,6.09463,NW,902.79379
8764,20240621,T06:50:00,AM,Turbine A,2200,Location 1,34.0522,-118.2437,Region A,Online,Operations,17.27394,NE,750.81293
8765,20240621,T06:50:00,AM,Turbine B,2000,Location 2,36.7783,-119.4179,Region B,Online,Operations,20.71108,S,570.9054
8766,20240621,T06:50:00,AM,Turbine C,2500,Location 3,40.7128,-74.006,Region C,Online,Operations,21.61378,NW,1290.95882
8767,20240621,T07:00:00,AM,Turbine A,2200,Location 1,34.0522,-118.2437,Region A,Online,Operations,7.20532,E,715.48182
8768,20240621,T07:00:00,AM,Turbine B,2000,Location 2,36.7783,-119.4179,Region B,Online,Operations,13.41799,NE,1039.21221
8769,20240621,T07:00:00,AM,Turbine C,2500,Location 3,40.7128,-74.006,Region C,Online,Operations,16.62393,NE,1493.2109
8770,20240621,T07:10:00,AM,Turbine A,2200,Location 1,34.0522,-118.2437,Region A,Reactive Maintenance,Maintenance,6.00865,NW,0.0
8771,20240621,T07:10:00,AM,Turbine B,2000,Location 2,36.7783,-119.4179,Region B,Online,Operations,10.18388,N,596.08407
8772,20240621,T07:10:00,AM,Turbine C,2500,Location 3,40.7128,-74.006,Region C,Online,Operations,9.5161,SW,1195.06269
8773,20240621,T07:20:00,AM,Turbine A,2200,Location 1,34.0522,-118.2437,Region A,Online,Operations,9.10629,NE,1164.94323
8774,20240621,T07:20:00,AM,Turbine B,2000,Location 2,36.7783,-119.4179,Region B,Preventive Maintenance,Maintenance,13.47821,NW,0.0
8775,20240621,T07:20:00,AM,Turbine C,2500,Location 3,40.7128,-74.006,Region C,Online,Operations,3.25185,E,576.71364
8776,20240621,T07:30:00,AM,Turbine A,2200,Location 1,34.0522,-118.2437,Region A,Reactive Maintenance,Maintenance,16.22323,NE,0.0
8777,20240621,T07:30:00,AM,Turbine B,2000,Location 2,36.7783,-119.4179,Region B,Offline,Operations,21.51112,SW,0.0
8778,20240621,T07:30:00,AM,Turbine C,2500,Location 3,40.7128,-74.006,Region C,Online,Operations,21.61073,NW,1555.95839
8779,20240621,T07:40:00,AM,Turbine A,2200,Location 1,34.0522,-118.2437,Region A,Online,Operations,16.03986,S,1850.89511
8780,20240621,T07:40:00,AM,Turbine B,2000,Location 2,36.7783,-119.4179,Region B,Online,Operations,18.78881,NE,1844.92163
8781,20240621,T07:40:00,AM,Turbine C,2500,Location 3,40.7128,-74.006,Region C,Online,Operations,22.92771,W,761.29046
8782,20240621,T07:50:00,AM,Turbine A,2200,Location 1,34.0522,-118.2437,Region A,Online,Operations,10.2073,SW,1513.6355
8783,20240621,T07:50:00,AM,Turbine B,2000,Location 2,36.7783,-119.4179,Region B,Online,Operations,16.26401,NE,710.50988
8784,20240621,T07:50:00,AM,Turbine C,2500,Location 3,40.7128,-74.006,Region C,Online,Operations,2.78733,NE,753.49328
8785,20240621,T08:00:00,AM,Turbine A,2200,Location 1,34.0522,-118.2437,Region A,Online,Operations,15.06771,SW,1466.50015
8786,20240621,T08:00:00,AM,Turbine B,2000,Location 2,36.7783,-119.4179,Region B,Online,Operations,17.64853,W,589.972
8787,20240621,T08:00:00,AM,Turbine C,2500,Location 3,40.7128,-74.006,Region C,Online,Operations,5.825,E,1899.05318
8788,20240621,T08:10:00,AM,Turbine A,2200,Location 1,34.0522,-118.2437,Region A,Online,Operations,2.56279,SE,911.80601
8789,20240621,T08:10:00,AM,Turbine B,2000,Location 2,36.7783,-119.4179,Region B,Online,Operations,2.52713,N,1046.00348
8790,20240621,T08:10:00,AM,Turbine C,2500,Location 3,40.7128,-74.006,Region C,Online,Operations,9.39142,NW,1674.5397
8791,20240621,T08:20:00,AM,Turbine A,2200,Location 1,34.0522,-118.2437,Region A,Online,Operations,16.95719,SW,1895.5131
8792,20240621,T08:20:00,AM,Turbine B,2000,Location 2,36.7783,-119.4179,Region B,Online,Operations,17.04827,W,1917.12309
8793,20240621,T08:20:00,AM,Turbine C,2500,Location 3,40.7128,-74.006,Region C,Online,Operations,23.38344,SE,1605.88063
8794,20240621,T08:30:00,AM,Turbine A,2200,Location 1,34.0522,-118.2437,Region A,Online,Operations,9.02084,E,718.4169
8795,20240621,T08:30:00,AM,Turbine B,2000,Location 2,36.7783,-119.4179,Region B,Online,Operations,9.2078,W,1057.33057
8796,20240621,T08:30:00,AM,Turbine C,2500,Location 3,40.7128,-74.006,Region C,Online,Operations,15.84514,E,1717.20736
8797,20240621,T08:40:00,AM,Turbine A,2200,Location 1,34.0522,-118.2437,Region A,Online,Operations,21.41923,N,1398.1639
8798,20240621,T08:40:00,AM,Turbine B,2000,Location 2,36.7783,-119.4179,Region B,Online,Operations,21.71682,NW,1019.41599
8799,20240621,T08:40:00,AM,Turbine C,2500,Location 3,40.7128,-74.006,Region C,Online,Operations,4.0719,S,1963.25509
8800,20240621,T08:50:00,AM,Turbine A,2200,Location 1,34.0522,-118.2437,Region A,Offline,Operations,3.74444,NE,0.0
8801,20240621,T08:50:00,AM,Turbine B,2000,Location 2,36.7783,-119.4179,Region B,Preventive Maintenance,Maintenance,20.18463,W,0.0
8802,20240621,T08:50:00,AM,Turbine C,2500,Location 3,40.7128,-74.006,Region C,Online,Operations,15.67635,E,694.5522
8803,20240621,T09:00:00,AM,Turbine A,2200,Location 1,34.0522,-118.2437,Region A,Online,Operations,21.02977,S,1247.05375
8804,20240621,T09:00:00,AM,Turbine B,2000,Location 2,36.7783,-119.4179,Region B,Online,Operations,2.60294,E,1367.73879
8805,20240621,T09:00:00,AM,Turbine C,2500,Location 3,40.7128,-74.006,Region C,Online,Operations,17.85696,E,661.50416
8806,20240621,T09:10:00,AM,Turbine A,2200,Location 1,34.0522,-118.2437,Region A,Online,Operations,14.38598,E,1465.30665
8807,20240621,T09:10:00,AM,Turbine B,2000,Location 2,36.7783,-119.4179,Region B,Online,Operations,20.98393,E,1805.67582
8808,20240621,T09:10:00,AM,Turbine C,2500,Location 3,40.7128,-74.006,Region C,Online,Operations,6.3298,E,946.10119
8809,20240621,T09:20:00,AM,Turbine A,2200,Location 1,34.0522,-118.2437,Region A,Online,Operations,15.01635,NE,1310.48534
8810,20240621,T09:20:00,AM,Turbine B,2000,Location 2,36.7783,-119.4179,Region B,Online,Operations,10.39913,NW,1749.50317
8811,20240621,T09:20:00,AM,Turbine C,2500,Location 3,40.7128,-74.006,Region C,Online,Operations,12.65401,NE,906.26135
8812,20240621,T09:30:00,AM,Turbine A,2200,Location 1,34.0522,-118.2437,Region A,Online,Operations,9.98201,SW,1302.78439
8813,20240621,T09:30:00,AM,Turbine B,2000,Location 2,36.7783,-119.4179,Region B,Online,Operations,16.31426,E,1974.71527
8814,20240621,T09:30:00,AM,Turbine C,2500,Location 3,40.7128,-74.006,Region C,Online,Operations,16.50556,NE,1637.18812
8815,20240621,T09:40:00,AM,Turbine A,2200,Location 1,34.0522,-118.2437,Region A,Online,Operations,6.07138,N,839.51886
8816,20240621,T09:40:00,AM,Turbine B,2000,Location 2,36.7783,-119.4179,Region B,Online,Operations,7.83905,E,1512.69477
8817,20240621,T09:40:00,AM,Turbine C,2500,Location 3,40.7128,-74.006,Region C,Online,Operations,15.24073,E,966.0599
8818,20240621,T09:50:00,AM,Turbine A,2200,Location 1,34.0522,-118.2437,Region A,Online,Operations,14.69623,W,1415.88391
8819,20240621,T09:50:00,AM,Turbine B,2000,Location 2,36.7783,-119.4179,Region B,Online,Operations,10.04158,SE,1762.13444
8820,20240621,T09:50:00,AM,Turbine C,2500,Location 3,40.7128,-74.006,Region C,Online,Operations,21.98989,SW,1316.00714
8821,20240621,T10:00:00,AM,Turbine A,2200,Location 1,34.0522,-118.2437,Region A,Online,Operations,10.58667,W,1706.15731
8822,20240621,T10:00:00,AM,Turbine B,2000,Location 2,36.7783,-119.4179,Region B,Online,Operations,18.56015,W,887.9229
8823,20240621,T10:00:00,AM,Turbine C,2500,Location 3,40.7128,-74.006,Region C,Online,Operations,7.16225,NW,1381.58001
8824,20240621,T10:10:00,AM,Turbine A,2200,Location 1,34.0522,-118.2437,Region A,Online,Operations,7.81388,S,1303.21214
8825,20240621,T10:10:00,AM,Turbine B,2000,Location 2,36.7783,-119.4179,Region B,Online,Operations,24.31845,S,770.20995
8826,20240621,T10:10:00,AM,Turbine C,2500,Location 3,40.7128,-74.006,Region C,Reactive Maintenance,Maintenance,5.01294,NW,0.0
8827,20240621,T10:20:00,AM,Turbine A,2200,Location 1,34.0522,-118.2437,Region A,Online,Operations,4.63281,S,1794.61255
8828,20240621,T10:20:00,AM,Turbine B,2000,Location 2,36.7783,-119.4179,Region B,Online,Operations,9.63857,SE,851.9109
8829,20240621,T10:20:00,AM,Turbine C,2500,Location 3,40.7128,-74.006,Region C,Online,Operations,18.07091,E,1209.1486
8830,20240621,T10:30:00,AM,Turbine A,2200,Location 1,34.0522,-118.2437,Region A,Online,Operations,11.10901,NE,1193.96607
8831,20240621,T10:30:00,AM,Turbine B,2000,Location 2,36.7783,-119.4179,Region B,Online,Operations,12.168,W,1729.38908
8832,20240621,T10:30:00,AM,Turbine C,2500,Location 3,40.7128,-74.006,Region C,Online,Operations,4.35022,E,1136.48018
8833,20240621,T10:40:00,AM,Turbine A,2200,Location 1,34.0522,-118.2437,Region A,Online,Operations,22.27951,N,965.86513
8834,20240621,T10:40:00,AM,Turbine B,2000,Location 2,36.7783,-119.4179,Region B,Online,Operations,21.07217,W,1812.54851
8835,20240621,T10:40:00,AM,Turbine C,2500,Location 3,40.7128,-74.006,Region C,Online,Operations,24.20189,NE,1381.24691
8836,20240621,T10:50:00,AM,Turbine A,2200,Location 1,34.0522,-118.2437,Region A,Online,Operations,19.33477,NW,877.08481
8837,20240621,T10:50:00,AM,Turbine B,2000,Location 2,36.7783,-119.4179,Region B,Online,Operations,7.43408,SW,818.41799
8838,20240621,T10:50:00,AM,Turbine C,2500,Location 3,40.7128,-74.006,Region C,Online,Operations,7.36851,SW,1993.58564
8839,20240621,T11:00:00,AM,Turbine A,2200,Location 1,34.0522,-118.2437,Region A,Reactive Maintenance,Maintenance,17.19289,SW,0.0
8840,20240621,T11:00:00,AM,Turbine B,2000,Location 2,36.7783,-119.4179,Region B,Online,Operations,6.73174,SW,596.677
8841,20240621,T11:00:00,AM,Turbine C,2500,Location 3,40.7128,-74.006,Region C,Online,Operations,9.84396,E,1769.14499
8842,20240621,T11:10:00,AM,Turbine A,2200,Location 1,34.0522,-118.2437,Region A,Online,Operations,5.80537,NE,764.74328
8843,20240621,T11:10:00,AM,Turbine B,2000,Location 2,36.7783,-119.4179,Region B,Online,Operations,24.13556,NE,1902.6631
8844,20240621,T11:10:00,AM,Turbine C,2500,Location 3,40.7128,-74.006,Region C,Online,Operations,5.06716,E,1611.85706
8845,20240621,T11:20:00,AM,Turbine A,2200,Location 1,34.0522,-118.2437,Region A,Online,Operations,24.35272,SW,899.24361
8846,20240621,T11:20:00,AM,Turbine B,2000,Location 2,36.7783,-119.4179,Region B,Online,Operations,20.17548,SW,754.14688
8847,20240621,T11:20:00,AM,Turbine C,2500,Location 3,40.7128,-74.006,Region C,Online,Operations,24.33169,SE,1937.20234
8848,20240621,T11:30:00,AM,Turbine A,2200,Location 1,34.0522,-118.2437,Region A,Online,Operations,8.68751,NE,1740.8668
8849,20240621,T11:30:00,AM,Turbine B,2000,Location 2,36.7783,-119.4179,Region B,Online,Operations,15.80875,SE,652.66767
8850,20240621,T11:30:00,AM,Turbine C,2500,Location 3,40.7128,-74.006,Region C,Reactive Maintenance,Maintenance,16.70435,SE,0.0
8851,20240621,T11:40:00,AM,Turbine A,2200,Location 1,34.0522,-118.2437,Region A,Online,Operations,14.64573,W,841.52749
8852,20240621,T11:40:00,AM,Turbine B,2000,Location 2,36.7783,-119.4179,Region B,Online,Operations,24.48215,S,1128.68359
8853,20240621,T11:40:00,AM,Turbine C,2500,Location 3,40.7128,-74.006,Region C,Online,Operations,6.9306,SW,795.39238
8854,20240621,T11:50:00,AM,Turbine A,2200,Location 1,34.0522,-118.2437,Region A,Online,Operations,2.23668,NE,1204.00959
8855,20240621,T11:50:00,AM,Turbine B,2000,Location 2,36.7783,-119.4179,Region B,Online,Operations,8.48332,SE,1357.68401
8856,20240621,T11:50:00,AM,Turbine C,2500,Location 3,40.7128,-74.006,Region C,Online,Operations,17.70636,NE,1638.52684
8857,20240621,T12:00:00,PM,Turbine A,2200,Location 1,34.0522,-118.2437,Region A,Online,Operations,4.86435,N,1281.85966
8858,20240621,T12:00:00,PM,Turbine B,2000,Location 2,36.7783,-119.4179,Region B,Online,Operations,13.92027,W,913.0761
8859,20240621,T12:00:00,PM,Turbine C,2500,Location 3,40.7128,-74.006,Region C,Online,Operations,7.20983,N,1614.72092
8860,20240621,T12:10:00,PM,Turbine A,2200,Location 1,34.0522,-118.2437,Region A,Online,Operations,16.08089,NE,1052.20211
8861,20240621,T12:10:00,PM,Turbine B,2000,Location 2,36.7783,-119.4179,Region B,Inspection,Maintenance,7.81033,E,0.0
8862,20240621,T12:10:00,PM,Turbine C,2500,Location 3,40.7128,-74.006,Region C,Fault,Engineering,3.59537,W,0.0
8863,20240621,T12:20:00,PM,Turbine A,2200,Location 1,34.0522,-118.2437,Region A,Reactive Maintenance,Maintenance,17.34211,W,0.0
8864,20240621,T12:20:00,PM,Turbine B,2000,Location 2,36.7783,-119.4179,Region B,Online,Operations,21.72267,E,1523.77029
8865,20240621,T12:20:00,PM,Turbine C,2500,Location 3,40.7128,-74.006,Region C,Online,Operations,8.38686,SE,1804.64682
8866,20240621,T12:30:00,PM,Turbine A,2200,Location 1,34.0522,-118.2437,Region A,Online,Operations,18.70215,NE,1027.52333
8867,20240621,T12:30:00,PM,Turbine B,2000,Location 2,36.7783,-119.4179,Region B,Offline,Operations,3.09783,NW,0.0
8868,20240621,T12:30:00,PM,Turbine C,2500,Location 3,40.7128,-74.006,Region C,Online,Operations,9.77138,SW,1422.57918
8869,20240621,T12:40:00,PM,Turbine A,2200,Location 1,34.0522,-118.2437,Region A,Online,Operations,15.96188,SW,1170.75758
8870,20240621,T12:40:00,PM,Turbine B,2000,Location 2,36.7783,-119.4179,Region B,Online,Operations,18.76597,E,1213.57888
8871,20240621,T12:40:00,PM,Turbine C,2500,Location 3,40.7128,-74.006,Region C,Online,Operations,19.84412,SE,1852.47346
8872,20240621,T12:50:00,PM,Turbine A,2200,Location 1,34.0522,-118.2437,Region A,Online,Operations,3.74587,E,570.76559
8873,20240621,T12:50:00,PM,Turbine B,2000,Location 2,36.7783,-119.4179,Region B,Online,Operations,14.61896,NE,1175.20768
8874,20240621,T12:50:00,PM,Turbine C,2500,Location 3,40.7128,-74.006,Region C,Online,Operations,12.70083,S,1752.12724
8875,20240621,T13:00:00,PM,Turbine A,2200,Location 1,34.0522,-118.2437,Region A,Offline,Operations,20.36288,NW,0.0
8876,20240621,T13:00:00,PM,Turbine B,2000,Location 2,36.7783,-119.4179,Region B,Reactive Maintenance,Maintenance,24.03654,W,0.0
8877,20240621,T13:00:00,PM,Turbine C,2500,Location 3,40.7128,-74.006,Region C,Online,Operations,12.78115,NW,1645.109
8878,20240621,T13:10:00,PM,Turbine A,2200,Location 1,34.0522,-118.2437,Region A,Online,Operations,18.5084,N,1725.26216
8879,20240621,T13:10:00,PM,Turbine B,2000,Location 2,36.7783,-119.4179,Region B,Online,Operations,3.01147,W,740.31325
8880,20240621,T13:10:00,PM,Turbine C,2500,Location 3,40.7128,-74.006,Region C,Fault,Engineering,17.98114,SW,0.0
8881,20240621,T13:20:00,PM,Turbine A,2200,Location 1,34.0522,-118.2437,Region A,Online,Operations,14.82946,E,741.85882
8882,20240621,T13:20:00,PM,Turbine B,2000,Location 2,36.7783,-119.4179,Region B,Online,Operations,20.88208,W,1046.09171
8883,20240621,T13:20:00,PM,Turbine C,2500,Location 3,40.7128,-74.006,Region C,Online,Operations,17.88603,NE,1947.89918
8884,20240621,T13:30:00,PM,Turbine A,2200,Location 1,34.0522,-118.2437,Region A,Online,Operations,14.4588,NW,1952.13608
8885,20240621,T13:30:00,PM,Turbine B,2000,Location 2,36.7783,-119.4179,Region B,Online,Operations,20.58071,E,1303.43585
8886,20240621,T13:30:00,PM,Turbine C,2500,Location 3,40.7128,-74.006,Region C,Online,Operations,15.06229,NW,1235.02294
8887,20240621,T13:40:00,PM,Turbine A,2200,Location 1,34.0522,-118.2437,Region A,Online,Operations,15.94124,SW,1696.18872
8888,20240621,T13:40:00,PM,Turbine B,2000,Location 2,36.7783,-119.4179,Region B,Online,Operations,9.33015,SW,610.91258
8889,20240621,T13:40:00,PM,Turbine C,2500,Location 3,40.7128,-74.006,Region C,Online,Operations,13.61652,W,1035.13907
8890,20240621,T13:50:00,PM,Turbine A,2200,Location 1,34.0522,-118.2437,Region A,Online,Operations,5.49421,SE,683.90505
8891,20240621,T13:50:00,PM,Turbine B,2000,Location 2,36.7783,-119.4179,Region B,Online,Operations,6.03997,NW,1809.89697
8892,20240621,T13:50:00,PM,Turbine C,2500,Location 3,40.7128,-74.006,Region C,Online,Operations,2.35961,E,1049.20129
8893,20240621,T14:00:00,PM,Turbine A,2200,Location 1,34.0522,-118.2437,Region A,Online,Operations,7.54868,E,1056.64953
8894,20240621,T14:00:00,PM,Turbine B,2000,Location 2,36.7783,-119.4179,Region B,Online,Operations,2.6142,W,880.49001
8895,20240621,T14:00:00,PM,Turbine C,2500,Location 3,40.7128,-74.006,Region C,Online,Operations,16.74502,E,726.94409
8896,20240621,T14:10:00,PM,Turbine A,2200,Location 1,34.0522,-118.2437,Region A,Online,Operations,18.03029,N,1146.40218
8897,20240621,T14:10:00,PM,Turbine B,2000,Location 2,36.7783,-119.4179,Region B,Online,Operations,22.00381,SE,1438.45274
8898,20240621,T14:10:00,PM,Turbine C,2500,Location 3,40.7128,-74.006,Region C,Online,Operations,15.87566,N,593.30239
8899,20240621,T14:20:00,PM,Turbine A,2200,Location 1,34.0522,-118.2437,Region A,Online,Operations,21.69219,NW,1372.23295
8900,20240621,T14:20:00,PM,Turbine B,2000,Location 2,36.7783,-119.4179,Region B,Preventive Maintenance,Maintenance,10.80894,NW,0.0
8901,20240621,T14:20:00,PM,Turbine C,2500,Location 3,40.7128,-74.006,Region C,Online,Operations,23.91632,NW,848.60914
8902,20240621,T14:30:00,PM,Turbine A,2200,Location 1,34.0522,-118.2437,Region A,Online,Operations,5.53214,W,1089.16328
8903,20240621,T14:30:00,PM,Turbine B,2000,Location 2,36.7783,-119.4179,Region B,Online,Operations,14.25236,S,1385.33492
8904,20240621,T14:30:00,PM,Turbine C,2500,Location 3,40.7128,-74.006,Region C,Online,Operations,22.03185,W,1237.49543
8905,20240621,T14:40:00,PM,Turbine A,2200,Location 1,34.0522,-118.2437,Region A,Fault,Engineering,2.96026,S,0.0
8906,20240621,T14:40:00,PM,Turbine B,2000,Location 2,36.7783,-119.4179,Region B,Online,Operations,6.05864,W,926.93963
8907,20240621,T14:40:00,PM,Turbine C,2500,Location 3,40.7128,-74.006,Region C,Online,Operations,12.29404,S,1785.7587
8908,20240621,T14:50:00,PM,Turbine A,2200,Location 1,34.0522,-118.2437,Region A,Online,Operations,15.29001,SE,1640.71341
8909,20240621,T14:50:00,PM,Turbine B,2000,Location 2,36.7783,-119.4179,Region B,Online,Operations,22.78854,NW,1208.07504
8910,20240621,T14:50:00,PM,Turbine C,2500,Location 3,40.7128,-74.006,Region C,Online,Operations,19.34595,SW,999.4848
8911,20240621,T15:00:00,PM,Turbine A,2200,Location 1,34.0522,-118.2437,Region A,Online,Operations,22.15858,W,1532.34074
8912,20240621,T15:00:00,PM,Turbine B,2000,Location 2,36.7783,-119.4179,Region B,Online,Operations,12.58028,E,1817.36465
8913,20240621,T15:00:00,PM,Turbine C,2500,Location 3,40.7128,-74.006,Region C,Online,Operations,15.21524,NW,1818.22121
8914,20240621,T15:10:00,PM,Turbine A,2200,Location 1,34.0522,-118.2437,Region A,Online,Operations,5.50517,W,1371.18338
8915,20240621,T15:10:00,PM,Turbine B,2000,Location 2,36.7783,-119.4179,Region B,Online,Operations,17.5178,NW,599.97638
8916,20240621,T15:10:00,PM,Turbine C,2500,Location 3,40.7128,-74.006,Region C,Online,Operations,6.51123,NW,672.35206
8917,20240621,T15:20:00,PM,Turbine A,2200,Location 1,34.0522,-118.2437,Region A,Online,Operations,18.25708,NE,820.89318
8918,20240621,T15:20:00,PM,Turbine B,2000,Location 2,36.7783,-119.4179,Region B,Online,Operations,9.89859,E,982.72368
8919,20240621,T15:20:00,PM,Turbine C,2500,Location 3,40.7128,-74.006,Region C,Online,Operations,13.64698,S,1114.7849
8920,20240621,T15:30:00,PM,Turbine A,2200,Location 1,34.0522,-118.2437,Region A,Online,Operations,9.51536,N,526.30652
8921,20240621,T15:30:00,PM,Turbine B,2000,Location 2,36.7783,-119.4179,Region B,Online,Operations,7.08477,S,1821.53917
8922,20240621,T15:30:00,PM,Turbine C,2500,Location 3,40.7128,-74.006,Region C,Online,Operations,5.44624,NE,1224.91184
8923,20240621,T15:40:00,PM,Turbine A,2200,Location 1,34.0522,-118.2437,Region A,Online,Operations,8.27344,SW,1926.24748
8924,20240621,T15:40:00,PM,Turbine B,2000,Location 2,36.7783,-119.4179,Region B,Online,Operations,7.42232,W,983.6725
8925,20240621,T15:40:00,PM,Turbine C,2500,Location 3,40.7128,-74.006,Region C,Online,Operations,4.08625,S,1214.51534
8926,20240621,T15:50:00,PM,Turbine A,2200,Location 1,34.0522,-118.2437,Region A,Online,Operations,2.85582,W,683.7401
8927,20240621,T15:50:00,PM,Turbine B,2000,Location 2,36.7783,-119.4179,Region B,Online,Operations,11.26259,S,1010.56209
8928,20240621,T15:50:00,PM,Turbine C,2500,Location 3,40.7128,-74.006,Region C,Online,Operations,7.78662,W,979.72029
8929,20240621,T16:00:00,PM,Turbine A,2200,Location 1,34.0522,-118.2437,Region A,Online,Operations,16.93854,W,1681.53225
8930,20240621,T16:00:00,PM,Turbine B,2000,Location 2,36.7783,-119.4179,Region B,Online,Operations,17.028,S,1972.66609
8931,20240621,T16:00:00,PM,Turbine C,2500,Location 3,40.7128,-74.006,Region C,Online,Operations,10.87603,S,874.44147
8932,20240621,T16:10:00,PM,Turbine A,2200,Location 1,34.0522,-118.2437,Region A,Online,Operations,7.19229,NE,1136.80716
8933,20240621,T16:10:00,PM,Turbine B,2000,Location 2,36.7783,-119.4179,Region B,Online,Operations,18.83604,W,1021.17801
8934,20240621,T16:10:00,PM,Turbine C,2500,Location 3,40.7128,-74.006,Region C,Online,Operations,8.9736,SE,1309.15333
8935,20240621,T16:20:00,PM,Turbine A,2200,Location 1,34.0522,-118.2437,Region A,Online,Operations,14.92526,W,1390.70604
8936,20240621,T16:20:00,PM,Turbine B,2000,Location 2,36.7783,-119.4179,Region B,Online,Operations,13.73371,SE,1693.00972
8937,20240621,T16:20:00,PM,Turbine C,2500,Location 3,40.7128,-74.006,Region C,Online,Operations,21.79522,W,1700.59468
8938,20240621,T16:30:00,PM,Turbine A,2200,Location 1,34.0522,-118.2437,Region A,Online,Operations,2.49468,W,1075.53295
8939,20240621,T16:30:00,PM,Turbine B,2000,Location 2,36.7783,-119.4179,Region B,Online,Operations,10.95528,NW,1063.96067
8940,20240621,T16:30:00,PM,Turbine C,2500,Location 3,40.7128,-74.006,Region C,Online,Operations,7.67587,NW,1148.61557
8941,20240621,T16:40:00,PM,Turbine A,2200,Location 1,34.0522,-118.2437,Region A,Online,Operations,15.19394,S,1408.08534
8942,20240621,T16:40:00,PM,Turbine B,2000,Location 2,36.7783,-119.4179,Region B,Online,Operations,23.14555,E,801.07131
8943,20240621,T16:40:00,PM,Turbine C,2500,Location 3,40.7128,-74.006,Region C,Online,Operations,17.84647,NE,1052.81301
8944,20240621,T16:50:00,PM,Turbine A,2200,Location 1,34.0522,-118.2437,Region A,Online,Operations,22.29722,E,1817.24594
8945,20240621,T16:50:00,PM,Turbine B,2000,Location 2,36.7783,-119.4179,Region B,Online,Operations,14.26841,NE,537.14446
8946,20240621,T16:50:00,PM,Turbine C,2500,Location 3,40.7128,-74.006,Region C,Online,Operations,20.76782,E,554.72557
8947,20240621,T17:00:00,PM,Turbine A,2200,Location 1,34.0522,-118.2437,Region A,Online,Operations,22.6862,NW,1164.88171
8948,20240621,T17:00:00,PM,Turbine B,2000,Location 2,36.7783,-119.4179,Region B,Preventive Maintenance,Maintenance,15.79958,E,0.0
8949,20240621,T17:00:00,PM,Turbine C,2500,Location 3,40.7128,-74.006,Region C,Online,Operations,8.61656,N,1458.96349
8950,20240621,T17:10:00,PM,Turbine A,2200,Location 1,34.0522,-118.2437,Region A,Online,Operations,17.86834,SE,1559.0572
8951,20240621,T17:10:00,PM,Turbine B,2000,Location 2,36.7783,-119.4179,Region B,Online,Operations,3.00875,NE,567.82889
8952,20240621,T17:10:00,PM,Turbine C,2500,Location 3,40.7128,-74.006,Region C,Online,Operations,2.40618,S,1785.30209
8953,20240621,T17:20:00,PM,Turbine A,2200,Location 1,34.0522,-118.2437,Region A,Online,Operations,17.64803,S,808.23717
8954,20240621,T17:20:00,PM,Turbine B,2000,Location 2,36.7783,-119.4179,Region B,Online,Operations,24.40594,W,996.68862
8955,20240621,T17:20:00,PM,Turbine C,2500,Location 3,40.7128,-74.006,Region C,Online,Operations,19.88256,SW,1548.61407
8956,20240621,T17:30:00,PM,Turbine A,2200,Location 1,34.0522,-118.2437,Region A,Online,Operations,14.15867,E,1723.08858
8957,20240621,T17:30:00,PM,Turbine B,2000,Location 2,36.7783,-119.4179,Region B,Online,Operations,9.45268,W,1090.67902
8958,20240621,T17:30:00,PM,Turbine C,2500,Location 3,40.7128,-74.006,Region C,Online,Operations,22.30806,SE,1928.11674
8959,20240621,T17:40:00,PM,Turbine A,2200,Location 1,34.0522,-118.2437,Region A,Online,Operations,16.63365,N,1571.56818
8960,20240621,T17:40:00,PM,Turbine B,2000,Location 2,36.7783,-119.4179,Region B,Online,Operations,7.50082,NW,1147.51618
8961,20240621,T17:40:00,PM,Turbine C,2500,Location 3,40.7128,-74.006,Region C,Online,Operations,8.12693,SE,937.11717
8962,20240621,T17:50:00,PM,Turbine A,2200,Location 1,34.0522,-118.2437,Region A,Online,Operations,12.79544,SE,715.36059
8963,20240621,T17:50:00,PM,Turbine B,2000,Location 2,36.7783,-119.4179,Region B,Online,Operations,6.28305,NE,1529.40112
8964,20240621,T17:50:00,PM,Turbine C,2500,Location 3,40.7128,-74.006,Region C,Online,Operations,5.27494,S,1154.02004
8965,20240621,T18:00:00,PM,Turbine A,2200,Location 1,34.0522,-118.2437,Region A,Online,Operations,9.25895,E,1799.24154
8966,20240621,T18:00:00,PM,Turbine B,2000,Location 2,36.7783,-119.4179,Region B,Online,Operations,22.36538,E,783.13349
8967,20240621,T18:00:00,PM,Turbine C,2500,Location 3,40.7128,-74.006,Region C,Online,Operations,21.55946,SE,1088.9938
8968,20240621,T18:10:00,PM,Turbine A,2200,Location 1,34.0522,-118.2437,Region A,Online,Operations,23.76732,SE,1646.77354
8969,20240621,T18:10:00,PM,Turbine B,2000,Location 2,36.7783,-119.4179,Region B,Online,Operations,19.72107,E,1016.21608
8970,20240621,T18:10:00,PM,Turbine C,2500,Location 3,40.7128,-74.006,Region C,Online,Operations,12.03627,N,693.02952
8971,20240621,T18:20:00,PM,Turbine A,2200,Location 1,34.0522,-118.2437,Region A,Online,Operations,17.78501,N,879.88708
8972,20240621,T18:20:00,PM,Turbine B,2000,Location 2,36.7783,-119.4179,Region B,Online,Operations,23.99109,W,1259.71701
8973,20240621,T18:20:00,PM,Turbine C,2500,Location 3,40.7128,-74.006,Region C,Online,Operations,15.26119,E,1028.90973
8974,20240621,T18:30:00,PM,Turbine A,2200,Location 1,34.0522,-118.2437,Region A,Online,Operations,16.1628,W,1714.52848
8975,20240621,T18:30:00,PM,Turbine B,2000,Location 2,36.7783,-119.4179,Region B,Online,Operations,8.97469,SE,842.66769
8976,20240621,T18:30:00,PM,Turbine C,2500,Location 3,40.7128,-74.006,Region C,Online,Operations,11.90315,W,1525.27072
8977,20240621,T18:40:00,PM,Turbine A,2200,Location 1,34.0522,-118.2437,Region A,Online,Operations,23.74252,S,1749.90938
8978,20240621,T18:40:00,PM,Turbine B,2000,Location 2,36.7783,-119.4179,Region B,Online,Operations,9.02411,NW,788.67476
8979,20240621,T18:40:00,PM,Turbine C,2500,Location 3,40.7128,-74.006,Region C,Online,Operations,18.21472,N,721.10131
8980,20240621,T18:50:00,PM,Turbine A,2200,Location 1,34.0522,-118.2437,Region A,Online,Operations,10.39155,E,1183.28399
8981,20240621,T18:50:00,PM,Turbine B,2000,Location 2,36.7783,-119.4179,Region B,Online,Operations,22.21558,N,557.66771
8982,20240621,T18:50:00,PM,Turbine C,2500,Location 3,40.7128,-74.006,Region C,Online,Operations,9.99537,SW,1202.47932
8983,20240621,T19:00:00,PM,Turbine A,2200,Location 1,34.0522,-118.2437,Region A,Online,Operations,7.25469,SE,1494.32351
8984,20240621,T19:00:00,PM,Turbine B,2000,Location 2,36.7783,-119.4179,Region B,Online,Operations,17.35408,N,1780.30446
8985,20240621,T19:00:00,PM,Turbine C,2500,Location 3,40.7128,-74.006,Region C,Online,Operations,14.88148,NE,1687.3142
8986,20240621,T19:10:00,PM,Turbine A,2200,Location 1,34.0522,-118.2437,Region A,Online,Operations,9.14869,S,603.88829
8987,20240621,T19:10:00,PM,Turbine B,2000,Location 2,36.7783,-119.4179,Region B,Online,Operations,4.41239,NE,1333.66864
8988,20240621,T19:10:00,PM,Turbine C,2500,Location 3,40.7128,-74.006,Region C,Reactive Maintenance,Maintenance,5.88812,NW,0.0
8989,20240621,T19:20:00,PM,Turbine A,2200,Location 1,34.0522,-118.2437,Region A,Online,Operations,18.07745,W,753.31443
8990,20240621,T19:20:00,PM,Turbine B,2000,Location 2,36.7783,-119.4179,Region B,Online,Operations,17.72328,E,1257.01954
8991,20240621,T19:20:00,PM,Turbine C,2500,Location 3,40.7128,-74.006,Region C,Online,Operations,2.49854,NE,1741.31286
8992,20240621,T19:30:00,PM,Turbine A,2200,Location 1,34.0522,-118.2437,Region A,Online,Operations,23.42317,NE,1685.27361
8993,20240621,T19:30:00,PM,Turbine B,2000,Location 2,36.7783,-119.4179,Region B,Online,Operations,15.10429,S,1068.53407
8994,20240621,T19:30:00,PM,Turbine C,2500,Location 3,40.7128,-74.006,Region C,Online,Operations,18.73196,W,588.49378
8995,20240621,T19:40:00,PM,Turbine A,2200,Location 1,34.0522,-118.2437,Region A,Online,Operations,23.67144,N,770.31524
8996,20240621,T19:40:00,PM,Turbine B,2000,Location 2,36.7783,-119.4179,Region B,Online,Operations,5.08684,SW,1187.33683
8997,20240621,T19:40:00,PM,Turbine C,2500,Location 3,40.7128,-74.006,Region C,Offline,Operations,7.31073,E,0.0
8998,20240621,T19:50:00,PM,Turbine A,2200,Location 1,34.0522,-118.2437,Region A,Online,Operations,23.01008,S,575.58187
8999,20240621,T19:50:00,PM,Turbine B,2000,Location 2,36.7783,-119.4179,Region B,Online,Operations,19.99595,S,1402.55728
9000,20240621,T19:50:00,PM,Turbine C,2500,Location 3,40.7128,-74.006,Region C,Online,Operations,19.40887,E,1894.04398
9001,20240621,T20:00:00,PM,Turbine A,2200,Location 1,34.0522,-118.2437,Region A,Online,Operations,6.46689,W,710.78873
9002,20240621,T20:00:00,PM,Turbine B,2000,Location 2,36.7783,-119.4179,Region B,Preventive Maintenance,Maintenance,20.07043,NE,0.0
9003,20240621,T20:00:00,PM,Turbine C,2500,Location 3,40.7128,-74.006,Region C,Online,Operations,19.61427,W,1776.25513
9004,20240621,T20:10:00,PM,Turbine A,2200,Location 1,34.0522,-118.2437,Region A,Online,Operations,10.94496,NW,1809.40617
9005,20240621,T20:10:00,PM,Turbine B,2000,Location 2,36.7783,-119.4179,Region B,Online,Operations,8.47487,N,763.35874
9006,20240621,T20:10:00,PM,Turbine C,2500,Location 3,40.7128,-74.006,Region C,Online,Operations,21.34749,W,1632.79265
9007,20240621,T20:20:00,PM,Turbine A,2200,Location 1,34.0522,-118.2437,Region A,Online,Operations,7.61909,NW,1599.19601
9008,20240621,T20:20:00,PM,Turbine B,2000,Location 2,36.7783,-119.4179,Region B,Online,Operations,8.23937,N,1829.83616
9009,20240621,T20:20:00,PM,Turbine C,2500,Location 3,40.7128,-74.006,Region C,Online,Operations,16.22687,NE,1335.55699
9010,20240621,T20:30:00,PM,Turbine A,2200,Location 1,34.0522,-118.2437,Region A,Online,Operations,21.15359,E,1510.19955
9011,20240621,T20:30:00,PM,Turbine B,2000,Location 2,36.7783,-119.4179,Region B,Online,Operations,7.32828,W,1747.98544
9012,20240621,T20:30:00,PM,Turbine C,2500,Location 3,40.7128,-74.006,Region C,Online,Operations,7.37441,SE,823.4484
9013,20240621,T20:40:00,PM,Turbine A,2200,Location 1,34.0522,-118.2437,Region A,Online,Operations,22.03613,SE,1290.22634
9014,20240621,T20:40:00,PM,Turbine B,2000,Location 2,36.7783,-119.4179,Region B,Online,Operations,11.81902,E,1608.1244
9015,20240621,T20:40:00,PM,Turbine C,2500,Location 3,40.7128,-74.006,Region C,Preventive Maintenance,Maintenance,14.62817,NE,0.0
9016,20240621,T20:50:00,PM,Turbine A,2200,Location 1,34.0522,-118.2437,Region A,Reactive Maintenance,Maintenance,3.43059,SE,0.0
9017,20240621,T20:50:00,PM,Turbine B,2000,Location 2,36.7783,-119.4179,Region B,Online,Operations,24.24274,SE,1723.37984
9018,20240621,T20:50:00,PM,Turbine C,2500,Location 3,40.7128,-74.006,Region C,Online,Operations,4.04673,N,1746.93482
9019,20240621,T21:00:00,PM,Turbine A,2200,Location 1,34.0522,-118.2437,Region A,Online,Operations,12.02345,SE,777.64819
9020,20240621,T21:00:00,PM,Turbine B,2000,Location 2,36.7783,-119.4179,Region B,Online,Operations,15.27638,W,1358.21821
9021,20240621,T21:00:00,PM,Turbine C,2500,Location 3,40.7128,-74.006,Region C,Online,Operations,4.78618,N,1534.03562
9022,20240621,T21:10:00,PM,Turbine A,2200,Location 1,34.0522,-118.2437,Region A,Fault,Engineering,5.36961,NE,0.0
9023,20240621,T21:10:00,PM,Turbine B,2000,Location 2,36.7783,-119.4179,Region B,Offline,Operations,17.54284,W,0.0
9024,20240621,T21:10:00,PM,Turbine C,2500,Location 3,40.7128,-74.006,Region C,Online,Operations,9.60648,SE,1905.29807
9025,20240621,T21:20:00,PM,Turbine A,2200,Location 1,34.0522,-118.2437,Region A,Online,Operations,13.41761,SE,1049.20034
9026,20240621,T21:20:00,PM,Turbine B,2000,Location 2,36.7783,-119.4179,Region B,Reactive Maintenance,Maintenance,21.82849,S,0.0
9027,20240621,T21:20:00,PM,Turbine C,2500,Location 3,40.7128,-74.006,Region C,Online,Operations,4.13362,N,614.17908
9028,20240621,T21:30:00,PM,Turbine A,2200,Location 1,34.0522,-118.2437,Region A,Online,Operations,24.31986,NE,984.64254
9029,20240621,T21:30:00,PM,Turbine B,2000,Location 2,36.7783,-119.4179,Region B,Online,Operations,24.0178,S,947.03515
9030,20240621,T21:30:00,PM,Turbine C,2500,Location 3,40.7128,-74.006,Region C,Online,Operations,12.49324,N,1933.95765
9031,20240621,T21:40:00,PM,Turbine A,2200,Location 1,34.0522,-118.2437,Region A,Online,Operations,15.94865,S,908.60148
9032,20240621,T21:40:00,PM,Turbine B,2000,Location 2,36.7783,-119.4179,Region B,Online,Operations,15.15567,NW,1635.1426
9033,20240621,T21:40:00,PM,Turbine C,2500,Location 3,40.7128,-74.006,Region C,Online,Operations,2.62602,W,1080.98836
9034,20240621,T21:50:00,PM,Turbine A,2200,Location 1,34.0522,-118.2437,Region A,Online,Operations,9.36962,W,1854.68392
9035,20240621,T21:50:00,PM,Turbine B,2000,Location 2,36.7783,-119.4179,Region B,Online,Operations,9.18283,NW,1886.33877
9036,20240621,T21:50:00,PM,Turbine C,2500,Location 3,40.7128,-74.006,Region C,Online,Operations,19.68702,N,1135.87317
9037,20240621,T22:00:00,PM,Turbine A,2200,Location 1,34.0522,-118.2437,Region A,Online,Operations,24.91631,E,1500.72758
9038,20240621,T22:00:00,PM,Turbine B,2000,Location 2,36.7783,-119.4179,Region B,Online,Operations,16.00139,W,1870.45178
9039,20240621,T22:00:00,PM,Turbine C,2500,Location 3,40.7128,-74.006,Region C,Online,Operations,7.92599,NE,1820.84926
9040,20240621,T22:10:00,PM,Turbine A,2200,Location 1,34.0522,-118.2437,Region A,Online,Operations,14.47624,S,795.93182
9041,20240621,T22:10:00,PM,Turbine B,2000,Location 2,36.7783,-119.4179,Region B,Reactive Maintenance,Maintenance,2.36039,W,0.0
9042,20240621,T22:10:00,PM,Turbine C,2500,Location 3,40.7128,-74.006,Region C,Online,Operations,6.18024,NE,1559.98821
9043,20240621,T22:20:00,PM,Turbine A,2200,Location 1,34.0522,-118.2437,Region A,Online,Operations,3.89102,NW,1279.43813
9044,20240621,T22:20:00,PM,Turbine B,2000,Location 2,36.7783,-119.4179,Region B,Online,Operations,7.52106,NE,587.07725
9045,20240621,T22:20:00,PM,Turbine C,2500,Location 3,40.7128,-74.006,Region C,Online,Operations,22.14145,E,945.75209
9046,20240621,T22:30:00,PM,Turbine A,2200,Location 1,34.0522,-118.2437,Region A,Online,Operations,4.26995,SE,1511.03229
9047,20240621,T22:30:00,PM,Turbine B,2000,Location 2,36.7783,-119.4179,Region B,Preventive Maintenance,Maintenance,4.82825,SW,0.0
9048,20240621,T22:30:00,PM,Turbine C,2500,Location 3,40.7128,-74.006,Region C,Online,Operations,23.26629,NE,1117.20847
9049,20240621,T22:40:00,PM,Turbine A,2200,Location 1,34.0522,-118.2437,Region A,Online,Operations,13.42565,E,1528.21057
9050,20240621,T22:40:00,PM,Turbine B,2000,Location 2,36.7783,-119.4179,Region B,Online,Operations,22.51448,W,743.07153
9051,20240621,T22:40:00,PM,Turbine C,2500,Location 3,40.7128,-74.006,Region C,Online,Operations,18.68788,SE,1090.06786
9052,20240621,T22:50:00,PM,Turbine A,2200,Location 1,34.0522,-118.2437,Region A,Online,Operations,4.04076,N,1607.47884
9053,20240621,T22:50:00,PM,Turbine B,2000,Location 2,36.7783,-119.4179,Region B,Online,Operations,13.38532,E,690.23677
9054,20240621,T22:50:00,PM,Turbine C,2500,Location 3,40.7128,-74.006,Region C,Online,Operations,5.01747,E,1028.13797
9055,20240621,T23:00:00,PM,Turbine A,2200,Location 1,34.0522,-118.2437,Region A,Online,Operations,19.69501,SW,1737.80828
9056,20240621,T23:00:00,PM,Turbine B,2000,Location 2,36.7783,-119.4179,Region B,Online,Operations,5.7914,E,522.42811
9057,20240621,T23:00:00,PM,Turbine C,2500,Location 3,40.7128,-74.006,Region C,Online,Operations,10.5722,E,1659.46412
9058,20240621,T23:10:00,PM,Turbine A,2200,Location 1,34.0522,-118.2437,Region A,Online,Operations,14.00864,W,1042.25017
9059,20240621,T23:10:00,PM,Turbine B,2000,Location 2,36.7783,-119.4179,Region B,Online,Operations,23.58574,N,1251.48446
9060,20240621,T23:10:00,PM,Turbine C,2500,Location 3,40.7128,-74.006,Region C,Online,Operations,23.37781,SW,703.52713
9061,20240621,T23:20:00,PM,Turbine A,2200,Location 1,34.0522,-118.2437,Region A,Online,Operations,12.54055,SW,1707.14454
9062,20240621,T23:20:00,PM,Turbine B,2000,Location 2,36.7783,-119.4179,Region B,Preventive Maintenance,Maintenance,14.11553,SW,0.0
9063,20240621,T23:20:00,PM,Turbine C,2500,Location 3,40.7128,-74.006,Region C,Online,Operations,22.1944,S,1893.5996
9064,20240621,T23:30:00,PM,Turbine A,2200,Location 1,34.0522,-118.2437,Region A,Online,Operations,4.13961,W,554.20557
9065,20240621,T23:30:00,PM,Turbine B,2000,Location 2,36.7783,-119.4179,Region B,Online,Operations,16.50228,SE,1275.30333
9066,20240621,T23:30:00,PM,Turbine C,2500,Location 3,40.7128,-74.006,Region C,Fault,Engineering,10.69427,NW,0.0
9067,20240621,T23:40:00,PM,Turbine A,2200,Location 1,34.0522,-118.2437,Region A,Online,Operations,5.40302,NE,1939.97934
9068,20240621,T23:40:00,PM,Turbine B,2000,Location 2,36.7783,-119.4179,Region B,Online,Operations,20.75724,S,1758.85886
9069,20240621,T23:40:00,PM,Turbine C,2500,Location 3,40.7128,-74.006,Region C,Online,Operations,24.27067,NW,730.85593
9070,20240621,T23:50:00,PM,Turbine A,2200,Location 1,34.0522,-118.2437,Region A,Online,Operations,13.89191,W,556.66763
9071,20240621,T23:50:00,PM,Turbine B,2000,Location 2,36.7783,-119.4179,Region B,Online,Operations,14.25878,SW,1511.53426
9072,20240621,T23:50:00,PM,Turbine C,2500,Location 3,40.7128,-74.006,Region C,Reactive Maintenance,Maintenance,12.79349,S,0.0
