Date,Category,Product,Quantity,Total
2024-01-01,Networking,Wireless Mesh Router System,1,383.7
2024-01-01,Mice,Wireless Bluetooth Mouse,2,305.12
2024-01-01,Networking,Powerline Ethernet Adapter,1,315.72
2024-01-01,Keyboards,Mechanical Gaming Keyboard,1,59.35
2024-01-01,Storage,4TB Desktop HDD,1,181.54
2024-01-01,Networking,Powerline Ethernet Adapter,4,596.8
2024-01-01,Storage,512GB Portable SSD,1,234.88
2024-01-02,Mice,Precision Laser Mouse,3,210.06
2024-01-02,Mice,Vertical Ergonomic Mouse,1,36.69
2024-01-02,Keyboards,RGB Backlit Keyboard,3,386.01
2024-01-02,Keyboards,Compact 60% Keyboard,5,212.35
2024-01-02,Monitors,27-inch 4K IPS Monitor,5,1819.3
2024-01-03,Networking,Powerline Ethernet Adapter,3,929.43
2024-01-03,Networking,Wireless Mesh Router System,1,347.57
2024-01-03,Headsets,Noise-Cancelling Gaming Headset,2,351.94
2024-01-03,Monitors,24-inch 144Hz Gaming Monitor,4.0,1871.06
2024-01-04,Headsets,Wireless Bluetooth Headphones,3,251.85
2024-01-04,Networking,USB Wi-Fi Adapter,1,324.11
2024-01-04,Mice,Trackball Mouse,2,98.82
2024-01-04,Monitors,24-inch 144Hz Gaming Monitor,5,1488.25
2024-01-05,Headsets,Noise-Cancelling Gaming Headset,2,335.84
2024-01-05,Headsets,Surround Sound Headphones,3,95.73
2024-01-05,Storage,512GB Portable SSD,2,413.94
2024-01-05,Monitors,32-inch 8K Professional Monitor,2,676.78
2024-01-05,Mice,Trackball Mouse,5,336.45
2024-01-05,Storage,128GB USB Flash Drive,5,689.2
2024-01-06,Mice,Wireless Bluetooth Mouse,5,544.15
2024-01-06,Keyboards,Mechanical Gaming Keyboard,2,265.88
2024-01-06,Networking,Network Attached Storage (NAS),5,392.95
2024-01-06,Monitors,15.6-inch Portable USB-C Monitor,4.0,2297.02
2024-01-07,Storage,1TB NVMe SSD,1,214.06
2024-01-07,Storage,512GB Portable SSD,3,180.36
2024-01-07,Monitors,34-inch Ultrawide Curved Monitor,4,411.68
2024-01-07,Networking,USB Wi-Fi Adapter,5,1964.4
2024-01-08,Storage,1TB NVMe SSD,3,771.75
2024-01-08,Storage,4TB Desktop HDD,2,142.54
2024-01-08,Mice,Trackball Mouse,5,926.65
2024-01-08,Storage,512GB Portable SSD,4,141.04
2024-01-08,Headsets,USB Conference Headset,2,60.86
2024-01-09,Storage,1TB NVMe SSD,1,227.62
2024-01-09,Keyboards,Membrane Office Keyboard,2,86.22
2024-01-09,Monitors,15.6-inch Portable USB-C Monitor,2,677.1
2024-01-09,Storage,128GB USB Flash Drive,2,561.62
2024-01-09,Networking,Gigabit Ethernet Switch,3,688.65
2024-01-10,Networking,USB Wi-Fi Adapter,4,1819.32
2024-01-10,Monitors,27-inch 4K IPS Monitor,2,604.46
2024-01-11,Headsets,Noise-Cancelling Gaming Headset,5,598.55
2024-01-11,Storage,2TB External HDD,1,49.17
2024-01-11,Networking,Wireless Mesh Router System,2,160.66
2024-01-11,Keyboards,RGB Backlit Keyboard,1,112.55
2024-01-11,Headsets,Surround Sound Headphones,2,234.12
2024-01-11,Networking,Powerline Ethernet Adapter,5,1313.5
2024-01-12,Monitors,32-inch 8K Professional Monitor,2,369.78
2024-01-12,Networking,Network Attached Storage (NAS),3,721.83
2024-01-12,Monitors,27-inch 4K IPS Monitor,1,154.55
2024-01-12,Networking,USB Wi-Fi Adapter,1,161.9
2024-01-12,Mice,Trackball Mouse,4,180.92
2024-01-12,Mice,Vertical Ergonomic Mouse,4,259.88
2024-01-12,Keyboards,Compact 60% Keyboard,5,188.1
2024-01-13,Networking,Powerline Ethernet Adapter,1,486.05
2024-01-13,Mice,Wireless Bluetooth Mouse,4,429.68
2024-01-13,Mice,Precision Laser Mouse,1,49.63
2024-01-13,Keyboards,Compact 60% Keyboard,3,560.31
2024-01-13,Monitors,24-inch 144Hz Gaming Monitor,4.0,1974.3300000000004
2024-01-14,Networking,Powerline Ethernet Adapter,4,478.64
2024-01-14,Headsets,Wireless Bluetooth Headphones,1,124.25
2024-01-14,Storage,1TB NVMe SSD,3,136.29
2024-01-14,Storage,128GB USB Flash Drive,5,1391.15
2024-01-15,Storage,2TB External HDD,1,289.41
2024-01-15,Keyboards,Wireless Ergonomic Keyboard,1,127.11
2024-01-15,Networking,Gigabit Ethernet Switch,4,415.8
2024-01-15,Storage,2TB External HDD,5,952.6
2024-01-15,Storage,1TB NVMe SSD,4,829.96
2024-01-16,Storage,4TB Desktop HDD,3,847.11
2024-01-16,Mice,Vertical Ergonomic Mouse,2,135.62
2024-01-16,Mice,Vertical Ergonomic Mouse,4,307.64
2024-01-16,Keyboards,Mechanical Gaming Keyboard,4,527.24
2024-01-16,Storage,1TB NVMe SSD,1,175.16
2024-01-16,Storage,512GB Portable SSD,2,563.96
2024-01-17,Keyboards,Wireless Ergonomic Keyboard,3,213.9
2024-01-17,Monitors,15.6-inch Portable USB-C Monitor,3,1951.53
2024-01-18,Networking,Powerline Ethernet Adapter,1,350.54
2024-01-18,Storage,512GB Portable SSD,1,283.51
2024-01-18,Mice,Vertical Ergonomic Mouse,1,180.15
2024-01-18,Networking,Powerline Ethernet Adapter,2,345.12
2024-01-18,Storage,2TB External HDD,3,254.91
2024-01-18,Networking,USB Wi-Fi Adapter,5,1349.2
2024-01-19,Keyboards,Mechanical Gaming Keyboard,4,677.12
2024-01-19,Keyboards,Mechanical Gaming Keyboard,3,476.4
2024-01-19,Networking,USB Wi-Fi Adapter,2,767.1
2024-01-19,Storage,128GB USB Flash Drive,5,163.05
2024-01-20,Keyboards,Wireless Ergonomic Keyboard,5,132.45
2024-01-20,Headsets,In-Ear Gaming Earbuds,5,233.3
2024-01-20,Mice,Optical Gaming Mouse,3,256.92
2024-01-20,Keyboards,RGB Backlit Keyboard,2,285.54
2024-01-20,Networking,Wireless Mesh Router System,3,1203.15
2024-01-21,Monitors,15.6-inch Portable USB-C Monitor,2,1866.38
2024-01-21,Mice,Wireless Bluetooth Mouse,2,357.3
2024-01-22,Keyboards,Wireless Ergonomic Keyboard,3,482.49
2024-01-22,Monitors,34-inch Ultrawide Curved Monitor,3,729.84
2024-01-22,Networking,Wireless Mesh Router System,4,1769.92
2024-01-23,Monitors,34-inch Ultrawide Curved Monitor,2,1669.86
2024-01-23,Monitors,24-inch 144Hz Gaming Monitor,3.0,1830.1399999999999
2024-01-24,Mice,Wireless Bluetooth Mouse,1,138.81
2024-01-24,Monitors,24-inch 144Hz Gaming Monitor,3,2633.76
2024-01-25,Headsets,USB Conference Headset,5,459.7
2024-01-25,Storage,512GB Portable SSD,1,61.14
2024-01-25,Headsets,Wireless Bluetooth Headphones,5,966.3
2024-01-25,Headsets,Noise-Cancelling Gaming Headset,1,127.38
2024-01-25,Headsets,USB Conference Headset,4,516.48
2024-01-26,Storage,1TB NVMe SSD,4,1091.48
2024-01-26,Mice,Vertical Ergonomic Mouse,1,147.58
2024-01-26,Keyboards,Membrane Office Keyboard,5,718.15
2024-01-26,Networking,Gigabit Ethernet Switch,3,732.24
2024-01-27,Networking,USB Wi-Fi Adapter,5,956.3
2024-01-27,Keyboards,RGB Backlit Keyboard,5,378.35
2024-01-27,Monitors,24-inch 144Hz Gaming Monitor,4.0,2165.3499999999995
2024-01-28,Storage,2TB External HDD,2,287.04
2024-01-28,Monitors,34-inch Ultrawide Curved Monitor,5,3060.95
2024-01-29,Monitors,15.6-inch Portable USB-C Monitor,1,373.49
2024-01-29,Mice,Precision Laser Mouse,5,646.0
2024-01-29,Headsets,Surround Sound Headphones,4,398.36
2024-01-29,Mice,Trackball Mouse,4,651.48
2024-01-30,Networking,Gigabit Ethernet Switch,1,177.7
2024-01-30,Networking,Powerline Ethernet Adapter,3,276.06
2024-01-30,Mice,Vertical Ergonomic Mouse,2,330.36
2024-01-30,Mice,Optical Gaming Mouse,1,64.07
2024-01-30,Monitors,15.6-inch Portable USB-C Monitor,1,509.87
2024-01-30,Networking,Powerline Ethernet Adapter,2,746.52
2024-01-31,Monitors,32-inch 8K Professional Monitor,4,1278.36
2024-01-31,Networking,Wireless Mesh Router System,1,400.29
2024-01-31,Mice,Wireless Bluetooth Mouse,5,518.1
2024-02-01,Storage,2TB External HDD,1,153.24
2024-02-01,Monitors,15.6-inch Portable USB-C Monitor,5,3179.55
2024-02-02,Monitors,15.6-inch Portable USB-C Monitor,5,2420.35
2024-02-03,Storage,128GB USB Flash Drive,2,461.58
2024-02-03,Monitors,32-inch 8K Professional Monitor,3,2329.8
2024-02-04,Networking,USB Wi-Fi Adapter,5,1340.35
2024-02-04,Mice,Vertical Ergonomic Mouse,4,135.8
2024-02-04,Headsets,Wireless Bluetooth Headphones,3,241.35
2024-02-04,Storage,1TB NVMe SSD,2,141.44
2024-02-04,Monitors,34-inch Ultrawide Curved Monitor,2,315.62
2024-02-05,Monitors,24-inch 144Hz Gaming Monitor,5,2596.65
2024-02-06,Keyboards,Wireless Ergonomic Keyboard,4,360.44
2024-02-06,Storage,1TB NVMe SSD,5,663.5
2024-02-06,Keyboards,RGB Backlit Keyboard,3,466.89
2024-02-06,Monitors,15.6-inch Portable USB-C Monitor,5.0,2009.17
2024-02-07,Mice,Precision Laser Mouse,2,138.26
2024-02-07,Monitors,27-inch 4K IPS Monitor,4,1610.08
2024-02-07,Networking,Network Attached Storage (NAS),2,856.46
2024-02-08,Mice,Trackball Mouse,5,124.25
2024-02-08,Monitors,15.6-inch Portable USB-C Monitor,5.0,3375.75
2024-02-09,Keyboards,Compact 60% Keyboard,2,352.06
2024-02-09,Mice,Optical Gaming Mouse,3,264.72
2024-02-09,Mice,Precision Laser Mouse,3,242.25
2024-02-09,Monitors,24-inch 144Hz Gaming Monitor,4,1308.16
2024-02-10,Keyboards,Compact 60% Keyboard,1,154.82
2024-02-10,Keyboards,RGB Backlit Keyboard,2,274.06
2024-02-10,Networking,Wireless Mesh Router System,1,477.33
2024-02-10,Mice,Optical Gaming Mouse,5,237.15
2024-02-10,Mice,Precision Laser Mouse,1,121.51
2024-02-10,Mice,Precision Laser Mouse,3,474.12
2024-02-10,Mice,Trackball Mouse,5,967.35
2024-02-11,Networking,Wireless Mesh Router System,2,968.24
2024-02-11,Keyboards,Membrane Office Keyboard,1,187.2
2024-02-11,Storage,128GB USB Flash Drive,4,1136.8
2024-02-12,Mice,Optical Gaming Mouse,5,721.55
2024-02-12,Networking,Gigabit Ethernet Switch,1,363.74
2024-02-12,Headsets,In-Ear Gaming Earbuds,1,163.32
2024-02-12,Storage,1TB NVMe SSD,3,521.52
2024-02-12,Networking,USB Wi-Fi Adapter,1,277.68
2024-02-13,Headsets,Noise-Cancelling Gaming Headset,4,672.08
2024-02-13,Keyboards,Compact 60% Keyboard,3,403.23
2024-02-13,Monitors,34-inch Ultrawide Curved Monitor,4,1034.08
2024-02-14,Storage,512GB Portable SSD,5,1241.05
2024-02-14,Storage,128GB USB Flash Drive,4,590.44
2024-02-14,Networking,Powerline Ethernet Adapter,3,585.12
2024-02-15,Mice,Optical Gaming Mouse,3,536.07
2024-02-15,Mice,Precision Laser Mouse,5,649.3
2024-02-15,Monitors,24-inch 144Hz Gaming Monitor,1,544.88
2024-02-15,Headsets,Wireless Bluetooth Headphones,4,232.72
2024-02-15,Headsets,USB Conference Headset,3,535.38
2024-02-16,Networking,USB Wi-Fi Adapter,5,272.85
2024-02-16,Mice,Optical Gaming Mouse,2,299.22
2024-02-16,Monitors,15.6-inch Portable USB-C Monitor,2,1443.1
2024-02-17,Networking,Network Attached Storage (NAS),4,1627.28
2024-02-17,Keyboards,RGB Backlit Keyboard,2,185.58
2024-02-17,Mice,Vertical Ergonomic Mouse,5,432.1
2024-02-18,Storage,4TB Desktop HDD,3,434.67
2024-02-18,Networking,Powerline Ethernet Adapter,3,624.93
2024-02-18,Monitors,24-inch 144Hz Gaming Monitor,3,978.78
2024-02-19,Keyboards,Wireless Ergonomic Keyboard,3,124.56
2024-02-19,Storage,2TB External HDD,2,176.84
2024-02-19,Monitors,24-inch 144Hz Gaming Monitor,5.0,3198.6000000000004
2024-02-20,Storage,4TB Desktop HDD,3,884.22
2024-02-20,Mice,Vertical Ergonomic Mouse,2,169.92
2024-02-20,Headsets,Noise-Cancelling Gaming Headset,5,213.9
2024-02-20,Keyboards,Mechanical Gaming Keyboard,5,362.9
2024-02-20,Mice,Precision Laser Mouse,1,177.09
2024-02-20,Storage,512GB Portable SSD,4,637.0
2024-02-21,Headsets,Wireless Bluetooth Headphones,1,65.45
2024-02-21,Monitors,27-inch 4K IPS Monitor,1,460.64
2024-02-21,Keyboards,Membrane Office Keyboard,1,47.31
2024-02-21,Storage,512GB Portable SSD,1,298.36
2024-02-21,Keyboards,Membrane Office Keyboard,4,516.56
2024-02-21,Storage,2TB External HDD,5,663.5
2024-02-22,Monitors,24-inch 144Hz Gaming Monitor,5.0,3500.0
2024-02-23,Headsets,In-Ear Gaming Earbuds,5,154.2
2024-02-23,Networking,Wireless Mesh Router System,2,662.96
2024-02-23,Headsets,Noise-Cancelling Gaming Headset,2,126.36
2024-02-23,Storage,1TB NVMe SSD,2,61.44
2024-02-23,Monitors,15.6-inch Portable USB-C Monitor,4,1448.52
2024-02-24,Mice,Vertical Ergonomic Mouse,3,439.62
2024-02-24,Monitors,27-inch 4K IPS Monitor,2,1863.04
2024-02-25,Networking,Powerline Ethernet Adapter,2,482.62
2024-02-25,Storage,2TB External HDD,2,550.54
2024-02-25,Mice,Optical Gaming Mouse,1,49.87
2024-02-25,Headsets,In-Ear Gaming Earbuds,5,929.05
2024-02-26,Monitors,27-inch 4K IPS Monitor,4,2879.24
2024-02-27,Networking,Network Attached Storage (NAS),3,825.63
2024-02-27,Monitors,32-inch 8K Professional Monitor,1,638.23
2024-02-27,Monitors,24-inch 144Hz Gaming Monitor,5,1626.65
2024-02-28,Keyboards,Wireless Ergonomic Keyboard,5,628.4
2024-02-28,Keyboards,RGB Backlit Keyboard,5,136.2
2024-02-28,Mice,Precision Laser Mouse,5,686.35
2024-02-28,Headsets,Wireless Bluetooth Headphones,5,492.3
2024-02-28,Monitors,27-inch 4K IPS Monitor,4.0,1556.7500000000002
2024-02-29,Headsets,USB Conference Headset,1,174.39
2024-02-29,Headsets,Surround Sound Headphones,4,287.52
2024-02-29,Monitors,15.6-inch Portable USB-C Monitor,1,509.34
2024-02-29,Headsets,USB Conference Headset,3,122.61
2024-02-29,Monitors,15.6-inch Portable USB-C Monitor,1,691.89
2024-02-29,Storage,128GB USB Flash Drive,4,178.56
2024-02-29,Storage,512GB Portable SSD,5,1171.2
2024-03-01,Networking,Network Attached Storage (NAS),1,141.6
2024-03-01,Storage,2TB External HDD,3,444.87
2024-03-01,Networking,Network Attached Storage (NAS),1,62.99
2024-03-01,Networking,Powerline Ethernet Adapter,2,738.8
2024-03-01,Headsets,In-Ear Gaming Earbuds,1,119.41
2024-03-01,Keyboards,Wireless Ergonomic Keyboard,1,103.06
2024-03-01,Keyboards,Wireless Ergonomic Keyboard,4,751.52
2024-03-02,Headsets,In-Ear Gaming Earbuds,3,284.37
2024-03-02,Monitors,32-inch 8K Professional Monitor,2,1022.22
2024-03-02,Mice,Precision Laser Mouse,2,371.88
2024-03-02,Storage,2TB External HDD,1,104.59
2024-03-02,Monitors,24-inch 144Hz Gaming Monitor,5,1702.3
2024-03-03,Keyboards,RGB Backlit Keyboard,3,512.25
2024-03-03,Storage,128GB USB Flash Drive,2,301.14
2024-03-03,Monitors,24-inch 144Hz Gaming Monitor,3,1790.19
2024-03-04,Storage,128GB USB Flash Drive,4,1127.48
2024-03-04,Mice,Wireless Bluetooth Mouse,5,444.65
2024-03-04,Monitors,27-inch 4K IPS Monitor,3.0,1927.87
2024-03-05,Networking,Network Attached Storage (NAS),4,1979.16
2024-03-05,Networking,Gigabit Ethernet Switch,4.0,1520.84
2024-03-06,Mice,Trackball Mouse,5,398.8
2024-03-06,Keyboards,Compact 60% Keyboard,1,114.67
2024-03-06,Monitors,27-inch 4K IPS Monitor,2,937.96
2024-03-06,Networking,Gigabit Ethernet Switch,1,261.27
2024-03-06,Headsets,USB Conference Headset,5,723.45
2024-03-07,Networking,Wireless Mesh Router System,3,1300.65
2024-03-07,Storage,128GB USB Flash Drive,3,597.72
2024-03-07,Monitors,15.6-inch Portable USB-C Monitor,1,655.71
2024-03-08,Mice,Vertical Ergonomic Mouse,2,308.84
2024-03-08,Monitors,27-inch 4K IPS Monitor,1,499.31
2024-03-08,Networking,USB Wi-Fi Adapter,1,70.7
2024-03-08,Keyboards,RGB Backlit Keyboard,3,262.41
2024-03-08,Mice,Wireless Bluetooth Mouse,5,470.85
2024-03-08,Networking,Gigabit Ethernet Switch,2,257.56
2024-03-08,Storage,128GB USB Flash Drive,5,1072.25
2024-03-09,Monitors,15.6-inch Portable USB-C Monitor,2,617.94
2024-03-09,Networking,USB Wi-Fi Adapter,4,659.6
2024-03-09,Keyboards,Compact 60% Keyboard,3,425.91
2024-03-09,Mice,Optical Gaming Mouse,4,760.56
2024-03-10,Storage,512GB Portable SSD,4,865.52
2024-03-10,Monitors,24-inch 144Hz Gaming Monitor,2,1998.88
2024-03-11,Monitors,27-inch 4K IPS Monitor,2,886.46
2024-03-11,Headsets,In-Ear Gaming Earbuds,3,596.04
2024-03-11,Headsets,Noise-Cancelling Gaming Headset,4,277.64
2024-03-11,Storage,1TB NVMe SSD,5,1156.0
2024-03-12,Headsets,Wireless Bluetooth Headphones,5,821.75
2024-03-12,Mice,Wireless Bluetooth Mouse,5,325.55
2024-03-12,Networking,Gigabit Ethernet Switch,1,456.53
2024-03-12,Networking,Wireless Mesh Router System,3,1214.61
2024-03-13,Keyboards,Membrane Office Keyboard,3,455.46
2024-03-13,Keyboards,RGB Backlit Keyboard,3,463.65
2024-03-13,Mice,Wireless Bluetooth Mouse,2,323.14
2024-03-13,Headsets,In-Ear Gaming Earbuds,5,922.15
2024-03-14,Mice,Vertical Ergonomic Mouse,4,776.52
2024-03-14,Headsets,USB Conference Headset,1,104.3
2024-03-14,Keyboards,Wireless Ergonomic Keyboard,2,349.66
2024-03-14,Networking,Network Attached Storage (NAS),5,1073.0
2024-03-15,Monitors,27-inch 4K IPS Monitor,3,1748.76
2024-03-15,Monitors,24-inch 144Hz Gaming Monitor,3.0,1751.24
2024-03-16,Networking,USB Wi-Fi Adapter,1,353.68
2024-03-16,Monitors,27-inch 4K IPS Monitor,5.0,3146.3199999999997
2024-03-17,Storage,512GB Portable SSD,5,448.85
2024-03-17,Keyboards,Compact 60% Keyboard,3,410.58
2024-03-17,Keyboards,Wireless Ergonomic Keyboard,1,190.33
2024-03-17,Headsets,Surround Sound Headphones,1,37.49
2024-03-17,Storage,2TB External HDD,4,609.92
2024-03-17,Networking,Powerline Ethernet Adapter,4,1257.2
2024-03-18,Networking,Gigabit Ethernet Switch,4,1378.84
2024-03-18,Monitors,15.6-inch Portable USB-C Monitor,4.0,2121.1600000000003
2024-03-19,Headsets,Noise-Cancelling Gaming Headset,3,177.33
2024-03-19,Monitors,34-inch Ultrawide Curved Monitor,3,568.26
2024-03-19,Networking,USB Wi-Fi Adapter,5,2278.8
2024-03-20,Networking,USB Wi-Fi Adapter,1,229.16
2024-03-20,Mice,Optical Gaming Mouse,4,146.0
2024-03-20,Mice,Trackball Mouse,1,29.1
2024-03-20,Headsets,Wireless Bluetooth Headphones,2,323.32
2024-03-20,Mice,Optical Gaming Mouse,5,286.45
2024-03-20,Mice,Wireless Bluetooth Mouse,3,478.17
2024-03-20,Storage,1TB NVMe SSD,3,785.31
2024-03-21,Mice,Wireless Bluetooth Mouse,5,325.6
2024-03-21,Mice,Optical Gaming Mouse,1,43.72
2024-03-21,Headsets,Wireless Bluetooth Headphones,5,391.4
2024-03-21,Mice,Vertical Ergonomic Mouse,1,42.82
2024-03-21,Monitors,15.6-inch Portable USB-C Monitor,1,771.1
2024-03-21,Monitors,32-inch 8K Professional Monitor,3,1685.73
2024-03-22,Keyboards,Compact 60% Keyboard,5,299.4
2024-03-22,Storage,1TB NVMe SSD,5,557.2
2024-03-22,Networking,Wireless Mesh Router System,1,499.36
2024-03-22,Monitors,32-inch 8K Professional Monitor,1,541.24
2024-03-22,Monitors,27-inch 4K IPS Monitor,1,389.9
2024-03-23,Mice,Optical Gaming Mouse,2,139.0
2024-03-23,Networking,Powerline Ethernet Adapter,5,1852.35
2024-03-23,Monitors,15.6-inch Portable USB-C Monitor,5.0,1508.6500000000003
2024-03-24,Storage,4TB Desktop HDD,4,227.12
2024-03-24,Networking,Wireless Mesh Router System,5,1871.9
2024-03-25,Mice,Precision Laser Mouse,4,719.44
2024-03-25,Monitors,24-inch 144Hz Gaming Monitor,4,1835.44
2024-03-26,Networking,Wireless Mesh Router System,3,726.12
2024-03-26,Networking,USB Wi-Fi Adapter,3,1437.36
2024-03-27,Networking,Network Attached Storage (NAS),1,91.05
2024-03-27,Keyboards,Mechanical Gaming Keyboard,4,149.52
2024-03-27,Networking,USB Wi-Fi Adapter,2,600.74
2024-03-27,Storage,4TB Desktop HDD,5,595.0
2024-03-27,Keyboards,Compact 60% Keyboard,3,531.75
2024-03-27,Monitors,27-inch 4K IPS Monitor,3.0,1531.9399999999998
2024-03-28,Headsets,Noise-Cancelling Gaming Headset,5,556.65
2024-03-28,Mice,Precision Laser Mouse,2,345.02
2024-03-28,Headsets,In-Ear Gaming Earbuds,3,122.04
2024-03-28,Headsets,In-Ear Gaming Earbuds,2,330.6
2024-03-28,Storage,4TB Desktop HDD,5,1061.2
2024-03-29,Storage,1TB NVMe SSD,5,1404.25
2024-03-29,Networking,USB Wi-Fi Adapter,1,131.19
2024-03-29,Networking,USB Wi-Fi Adapter,3,623.88
2024-03-30,Mice,Wireless Bluetooth Mouse,5,691.6
2024-03-30,Keyboards,Wireless Ergonomic Keyboard,1,36.52
2024-03-30,Storage,2TB External HDD,4,573.4
2024-03-30,Headsets,Wireless Bluetooth Headphones,3,228.27
2024-03-30,Headsets,In-Ear Gaming Earbuds,5,176.45
2024-03-30,Keyboards,Wireless Ergonomic Keyboard,2,311.6
2024-03-31,Keyboards,Mechanical Gaming Keyboard,3,299.28
2024-03-31,Monitors,32-inch 8K Professional Monitor,5,2489.2
2024-04-01,Headsets,Wireless Bluetooth Headphones,5,202.45
2024-04-01,Monitors,27-inch 4K IPS Monitor,3,2131.2
2024-04-02,Storage,128GB USB Flash Drive,5,1050.65
2024-04-02,Keyboards,Wireless Ergonomic Keyboard,4,788.8
2024-04-02,Keyboards,Mechanical Gaming Keyboard,2,148.52
2024-04-02,Mice,Wireless Bluetooth Mouse,3,216.3
2024-04-03,Keyboards,Mechanical Gaming Keyboard,4,617.84
2024-04-03,Mice,Wireless Bluetooth Mouse,4,463.44
2024-04-03,Mice,Trackball Mouse,5,850.0
2024-04-03,Headsets,Noise-Cancelling Gaming Headset,4,700.48
2024-04-04,Keyboards,Compact 60% Keyboard,1,102.76
2024-04-04,Keyboards,RGB Backlit Keyboard,5,486.35
2024-04-04,Monitors,32-inch 8K Professional Monitor,3,610.98
2024-04-04,Keyboards,RGB Backlit Keyboard,2,328.48
2024-04-04,Storage,128GB USB Flash Drive,3,161.4
2024-04-04,Keyboards,Wireless Ergonomic Keyboard,4,504.0
2024-04-05,Storage,1TB NVMe SSD,4,1060.16
2024-04-05,Networking,USB Wi-Fi Adapter,2,399.76
2024-04-05,Mice,Optical Gaming Mouse,5,669.9
2024-04-06,Storage,4TB Desktop HDD,2,549.2
2024-04-06,Headsets,USB Conference Headset,2,125.06
2024-04-06,Mice,Vertical Ergonomic Mouse,2,102.46
2024-04-06,Mice,Optical Gaming Mouse,2,382.46
2024-04-06,Networking,Network Attached Storage (NAS),4,1558.0
2024-04-07,Storage,128GB USB Flash Drive,5,1018.05
2024-04-07,Storage,512GB Portable SSD,3,212.28
2024-04-07,Keyboards,Compact 60% Keyboard,4,534.6
2024-04-07,Headsets,In-Ear Gaming Earbuds,1,83.35
2024-04-07,Keyboards,RGB Backlit Keyboard,4,405.36
2024-04-08,Keyboards,RGB Backlit Keyboard,3,101.43
2024-04-08,Keyboards,Membrane Office Keyboard,5,556.35
2024-04-08,Monitors,15.6-inch Portable USB-C Monitor,5.0,2842.2200000000003
2024-04-09,Networking,Wireless Mesh Router System,4,1836.28
2024-04-09,Storage,2TB External HDD,3,580.05
2024-04-10,Storage,2TB External HDD,1,151.64
2024-04-10,Headsets,Noise-Cancelling Gaming Headset,5,681.5
2024-04-10,Keyboards,Wireless Ergonomic Keyboard,4,793.52
2024-04-10,Storage,4TB Desktop HDD,5,364.3
2024-04-10,Headsets,USB Conference Headset,4,374.32
2024-04-11,Headsets,In-Ear Gaming Earbuds,1,162.06
2024-04-11,Networking,USB Wi-Fi Adapter,1,198.36
2024-04-11,Storage,128GB USB Flash Drive,3,294.12
2024-04-11,Networking,Powerline Ethernet Adapter,2,400.02
2024-04-11,Storage,2TB External HDD,3,341.28
2024-04-11,Networking,Network Attached Storage (NAS),2,635.54
2024-04-12,Keyboards,RGB Backlit Keyboard,5,439.0
2024-04-12,Headsets,Wireless Bluetooth Headphones,5,184.1
2024-04-12,Networking,Network Attached Storage (NAS),5,1064.1
2024-04-12,Headsets,USB Conference Headset,2,382.42
2024-04-13,Headsets,Surround Sound Headphones,2,121.56
2024-04-13,Mice,Wireless Bluetooth Mouse,1,73.24
2024-04-13,Keyboards,Membrane Office Keyboard,5,851.6
2024-04-13,Storage,1TB NVMe SSD,3,799.89
2024-04-13,Storage,2TB External HDD,5,658.55
2024-04-14,Mice,Wireless Bluetooth Mouse,5,828.15
2024-04-14,Mice,Precision Laser Mouse,1,93.95
2024-04-14,Networking,Gigabit Ethernet Switch,4,1299.08
2024-04-15,Networking,Network Attached Storage (NAS),2,580.62
2024-04-15,Headsets,Surround Sound Headphones,2,172.42
2024-04-15,Storage,128GB USB Flash Drive,4,951.0
2024-04-15,Monitors,15.6-inch Portable USB-C Monitor,5.0,1795.96
2024-04-16,Mice,Wireless Bluetooth Mouse,5,224.55
2024-04-16,Headsets,Noise-Cancelling Gaming Headset,4,709.36
2024-04-16,Storage,1TB NVMe SSD,5,1299.05
2024-04-17,Headsets,Noise-Cancelling Gaming Headset,2,138.2
2024-04-17,Storage,2TB External HDD,4,219.04
2024-04-17,Mice,Precision Laser Mouse,3,562.44
2024-04-17,Monitors,27-inch 4K IPS Monitor,4,2207.24
2024-04-18,Mice,Precision Laser Mouse,1,87.48
2024-04-18,Keyboards,RGB Backlit Keyboard,1,171.05
2024-04-18,Networking,USB Wi-Fi Adapter,2,223.84
2024-04-18,Headsets,Surround Sound Headphones,2,313.18
2024-04-18,Monitors,32-inch 8K Professional Monitor,5,523.65
2024-04-18,Keyboards,Mechanical Gaming Keyboard,3,176.46
2024-04-18,Mice,Trackball Mouse,5,575.0
2024-04-19,Keyboards,RGB Backlit Keyboard,2,148.42
2024-04-19,Keyboards,Wireless Ergonomic Keyboard,4,540.04
2024-04-19,Storage,128GB USB Flash Drive,1,59.93
2024-04-19,Monitors,15.6-inch Portable USB-C Monitor,5,573.95
2024-04-19,Storage,4TB Desktop HDD,2,448.02
2024-04-19,Headsets,Surround Sound Headphones,1,130.67
2024-04-19,Mice,Trackball Mouse,4,214.88
2024-04-20,Networking,Wireless Mesh Router System,5,2442.95
2024-04-21,Keyboards,Membrane Office Keyboard,5,556.6
2024-04-21,Storage,4TB Desktop HDD,1,135.42
2024-04-21,Monitors,27-inch 4K IPS Monitor,4.0,2807.9799999999996
2024-04-22,Headsets,Noise-Cancelling Gaming Headset,3,485.79
2024-04-22,Headsets,Wireless Bluetooth Headphones,1,158.87
2024-04-22,Networking,USB Wi-Fi Adapter,2,139.9
2024-04-22,Storage,512GB Portable SSD,2,508.4
2024-04-22,Networking,Network Attached Storage (NAS),4,1337.12
2024-04-23,Mice,Optical Gaming Mouse,4,106.64
2024-04-23,Mice,Optical Gaming Mouse,2,358.88
2024-04-23,Headsets,USB Conference Headset,5,458.4
2024-04-23,Storage,128GB USB Flash Drive,3,119.67
2024-04-23,Networking,Gigabit Ethernet Switch,3,631.92
2024-04-23,Keyboards,RGB Backlit Keyboard,3,127.23
2024-04-23,Headsets,Surround Sound Headphones,4,615.2
2024-04-24,Monitors,24-inch 144Hz Gaming Monitor,2,1093.16
2024-04-24,Monitors,24-inch 144Hz Gaming Monitor,5,1700.25
2024-04-25,Keyboards,Compact 60% Keyboard,1,97.51
2024-04-25,Mice,Trackball Mouse,3,233.46
2024-04-25,Keyboards,RGB Backlit Keyboard,3,225.51
2024-04-25,Storage,128GB USB Flash Drive,2,432.48
2024-04-25,Headsets,Surround Sound Headphones,1,150.83
2024-04-25,Headsets,In-Ear Gaming Earbuds,4,277.68
2024-04-25,Keyboards,Mechanical Gaming Keyboard,4,341.6
2024-04-25,Networking,Gigabit Ethernet Switch,1,114.25
2024-04-25,Storage,128GB USB Flash Drive,1,64.08
2024-04-25,Mice,Vertical Ergonomic Mouse,3,266.73
2024-04-26,Storage,1TB NVMe SSD,5,357.15
2024-04-26,Monitors,24-inch 144Hz Gaming Monitor,3,1498.65
2024-04-26,Keyboards,Membrane Office Keyboard,2,230.6
2024-04-27,Monitors,24-inch 144Hz Gaming Monitor,3,973.95
2024-04-27,Keyboards,Mechanical Gaming Keyboard,2,219.66
2024-04-27,Monitors,15.6-inch Portable USB-C Monitor,1,335.6
2024-04-27,Headsets,Surround Sound Headphones,2,398.7
2024-04-27,Headsets,Surround Sound Headphones,2,84.14
2024-04-28,Keyboards,Compact 60% Keyboard,2,363.52
2024-04-28,Monitors,27-inch 4K IPS Monitor,3,2103.18
2024-04-29,Networking,Wireless Mesh Router System,5,1469.9
2024-04-29,Headsets,Wireless Bluetooth Headphones,2,325.74
2024-04-29,Storage,2TB External HDD,1,295.99
2024-04-30,Mice,Wireless Bluetooth Mouse,4,98.92
2024-04-30,Storage,4TB Desktop HDD,3,468.6
2024-04-30,Storage,2TB External HDD,5,1343.75
2024-04-30,Keyboards,RGB Backlit Keyboard,4,799.72
2024-05-01,Networking,Network Attached Storage (NAS),5,1174.3
2024-05-01,Monitors,15.6-inch Portable USB-C Monitor,1,212.79
2024-05-01,Headsets,Noise-Cancelling Gaming Headset,4,415.4
2024-05-01,Storage,512GB Portable SSD,2,534.1
2024-05-02,Storage,4TB Desktop HDD,2,474.6
2024-05-02,Mice,Precision Laser Mouse,5,919.65
2024-05-02,Keyboards,Mechanical Gaming Keyboard,5,237.7
2024-05-02,Mice,Wireless Bluetooth Mouse,3,564.75
2024-05-03,Mice,Vertical Ergonomic Mouse,5,905.45
2024-05-03,Keyboards,RGB Backlit Keyboard,2,268.62
2024-05-03,Storage,512GB Portable SSD,2,397.52
2024-05-03,Storage,4TB Desktop HDD,1,165.69
2024-05-03,Mice,Trackball Mouse,5,238.75
2024-05-03,Networking,Powerline Ethernet Adapter,5,1009.65
2024-05-04,Storage,1TB NVMe SSD,1,51.93
2024-05-04,Networking,Powerline Ethernet Adapter,3,1029.03
2024-05-04,Storage,128GB USB Flash Drive,5,1012.65
2024-05-05,Monitors,15.6-inch Portable USB-C Monitor,3,2033.16
2024-05-06,Headsets,Surround Sound Headphones,2,329.68
2024-05-06,Networking,Network Attached Storage (NAS),3,762.27
2024-05-06,Networking,Wireless Mesh Router System,2,495.64
2024-05-06,Monitors,32-inch 8K Professional Monitor,2,812.34
2024-05-07,Mice,Vertical Ergonomic Mouse,3,456.48
2024-05-07,Headsets,Surround Sound Headphones,2,313.84
2024-05-07,Storage,4TB Desktop HDD,1,116.16
2024-05-07,Monitors,27-inch 4K IPS Monitor,3,1513.92
2024-05-08,Mice,Optical Gaming Mouse,1,72.24
2024-05-08,Monitors,15.6-inch Portable USB-C Monitor,4,1293.76
2024-05-08,Mice,Vertical Ergonomic Mouse,5,749.0
2024-05-09,Mice,Wireless Bluetooth Mouse,4,797.08
2024-05-09,Monitors,32-inch 8K Professional Monitor,3,1642.89
2024-05-10,Keyboards,Compact 60% Keyboard,5,511.5
2024-05-10,Mice,Wireless Bluetooth Mouse,5,417.6
2024-05-10,Keyboards,RGB Backlit Keyboard,4,510.2
2024-05-10,Networking,Network Attached Storage (NAS),3,874.53
2024-05-11,Keyboards,Compact 60% Keyboard,2,357.68
2024-05-11,Networking,USB Wi-Fi Adapter,4,858.68
2024-05-11,Monitors,27-inch 4K IPS Monitor,5.0,2283.6400000000003
2024-05-12,Headsets,In-Ear Gaming Earbuds,3,99.72
2024-05-12,Storage,128GB USB Flash Drive,5,527.6
2024-05-12,Storage,4TB Desktop HDD,1,64.74
2024-05-12,Keyboards,Compact 60% Keyboard,3,489.24
2024-05-12,Headsets,In-Ear Gaming Earbuds,3,467.67
2024-05-12,Mice,Trackball Mouse,5,461.25
2024-05-13,Keyboards,Mechanical Gaming Keyboard,1,44.67
2024-05-13,Headsets,Surround Sound Headphones,5,511.3
2024-05-13,Storage,4TB Desktop HDD,2,237.1
2024-05-13,Storage,512GB Portable SSD,2,272.2
2024-05-13,Storage,512GB Portable SSD,5,604.1
2024-05-13,Storage,4TB Desktop HDD,4,885.44
2024-05-14,Headsets,Surround Sound Headphones,1,86.3
2024-05-14,Networking,Wireless Mesh Router System,4,1250.68
2024-05-14,Networking,Wireless Mesh Router System,5,1317.85
2024-05-15,Networking,Powerline Ethernet Adapter,5,761.95
2024-05-15,Keyboards,Membrane Office Keyboard,4,202.76
2024-05-15,Networking,Powerline Ethernet Adapter,4,466.0
2024-05-15,Networking,Gigabit Ethernet Switch,1,307.66
2024-05-15,Networking,Wireless Mesh Router System,2,117.04
2024-05-15,Headsets,Surround Sound Headphones,2,188.66
2024-05-16,Mice,Precision Laser Mouse,5,797.5
2024-05-16,Monitors,27-inch 4K IPS Monitor,2,1133.62
2024-05-16,Storage,512GB Portable SSD,4,687.52
2024-05-17,Headsets,Wireless Bluetooth Headphones,4,736.72
2024-05-17,Headsets,In-Ear Gaming Earbuds,3,424.98
2024-05-17,Networking,USB Wi-Fi Adapter,5,1339.4
2024-05-18,Mice,Vertical Ergonomic Mouse,5,368.65
2024-05-18,Headsets,USB Conference Headset,2,288.48
2024-05-18,Monitors,24-inch 144Hz Gaming Monitor,4,1655.68
2024-05-19,Networking,USB Wi-Fi Adapter,3,314.52
2024-05-19,Networking,Powerline Ethernet Adapter,4,1812.36
2024-05-20,Monitors,24-inch 144Hz Gaming Monitor,2,722.82
2024-05-20,Headsets,Noise-Cancelling Gaming Headset,3,558.96
2024-05-20,Networking,USB Wi-Fi Adapter,4,585.16
2024-05-20,Storage,512GB Portable SSD,5,1089.85
2024-05-21,Mice,Optical Gaming Mouse,5,766.8
2024-05-21,Mice,Wireless Bluetooth Mouse,1,140.57
2024-05-21,Storage,2TB External HDD,2,88.34
2024-05-21,Monitors,24-inch 144Hz Gaming Monitor,4,761.96
2024-05-21,Mice,Optical Gaming Mouse,5,980.1
2024-05-22,Mice,Precision Laser Mouse,4,423.76
2024-05-22,Mice,Vertical Ergonomic Mouse,3,214.11
2024-05-22,Keyboards,Mechanical Gaming Keyboard,5,309.0
2024-05-22,Networking,Wireless Mesh Router System,2,476.1
2024-05-22,Mice,Optical Gaming Mouse,4,647.32
2024-05-23,Mice,Vertical Ergonomic Mouse,1,21.67
2024-05-23,Storage,4TB Desktop HDD,1,280.68
2024-05-23,Headsets,USB Conference Headset,4,792.16
2024-05-23,Storage,4TB Desktop HDD,4,1080.4
2024-05-24,Mice,Trackball Mouse,4,276.44
2024-05-24,Keyboards,RGB Backlit Keyboard,2,303.2
2024-05-24,Networking,USB Wi-Fi Adapter,2,112.68
2024-05-24,Headsets,USB Conference Headset,5,706.95
2024-05-24,Mice,Wireless Bluetooth Mouse,5,870.55
2024-05-25,Monitors,32-inch 8K Professional Monitor,5,1975.65
2024-05-25,Monitors,27-inch 4K IPS Monitor,2.0,1524.35
2024-05-26,Monitors,24-inch 144Hz Gaming Monitor,2,212.3
2024-05-26,Monitors,34-inch Ultrawide Curved Monitor,4,3113.52
2024-05-27,Headsets,USB Conference Headset,5,750.6
2024-05-27,Keyboards,RGB Backlit Keyboard,3,434.1
2024-05-27,Keyboards,Mechanical Gaming Keyboard,4,300.92
2024-05-27,Monitors,15.6-inch Portable USB-C Monitor,3.0,2014.3799999999997
2024-05-28,Networking,USB Wi-Fi Adapter,3,979.74
2024-05-28,Mice,Wireless Bluetooth Mouse,4,190.28
2024-05-28,Networking,Powerline Ethernet Adapter,3,711.39
2024-05-28,Storage,128GB USB Flash Drive,5,1232.7
2024-05-29,Mice,Wireless Bluetooth Mouse,5,885.8
2024-05-29,Keyboards,Membrane Office Keyboard,4,460.28
2024-05-29,Headsets,Noise-Cancelling Gaming Headset,5,201.0
2024-05-29,Storage,4TB Desktop HDD,2,369.26
2024-05-29,Mice,Wireless Bluetooth Mouse,3,521.43
2024-05-30,Monitors,27-inch 4K IPS Monitor,2,1490.46
2024-05-30,Monitors,27-inch 4K IPS Monitor,5.0,2009.54
2024-05-31,Keyboards,Compact 60% Keyboard,2,224.76
2024-05-31,Monitors,15.6-inch Portable USB-C Monitor,1,602.92
2024-05-31,Networking,USB Wi-Fi Adapter,1,228.18
2024-05-31,Keyboards,Wireless Ergonomic Keyboard,5,165.75
2024-05-31,Monitors,24-inch 144Hz Gaming Monitor,1,587.05
2024-05-31,Keyboards,Mechanical Gaming Keyboard,4,102.84
2024-05-31,Monitors,34-inch Ultrawide Curved Monitor,2,1578.48
2024-06-01,Networking,Network Attached Storage (NAS),3,1490.37
2024-06-01,Monitors,32-inch 8K Professional Monitor,4,1752.32
2024-06-02,Networking,Powerline Ethernet Adapter,2,688.18
2024-06-02,Headsets,Noise-Cancelling Gaming Headset,2,397.42
2024-06-02,Monitors,15.6-inch Portable USB-C Monitor,2,1510.14
2024-06-03,Mice,Optical Gaming Mouse,1,196.13
2024-06-03,Monitors,15.6-inch Portable USB-C Monitor,4,2314.96
2024-06-04,Mice,Wireless Bluetooth Mouse,4,329.24
2024-06-04,Headsets,Wireless Bluetooth Headphones,1,25.8
2024-06-04,Networking,Network Attached Storage (NAS),5,1973.6
2024-06-05,Keyboards,Wireless Ergonomic Keyboard,2,64.22
2024-06-05,Storage,1TB NVMe SSD,4,765.6
2024-06-05,Networking,Wireless Mesh Router System,2,766.48
2024-06-05,Monitors,32-inch 8K Professional Monitor,2,1171.56
2024-06-06,Keyboards,Wireless Ergonomic Keyboard,5,994.15
2024-06-06,Mice,Trackball Mouse,3,371.85
2024-06-06,Networking,USB Wi-Fi Adapter,2,371.58
2024-06-06,Mice,Trackball Mouse,2,188.88
2024-06-06,Headsets,Noise-Cancelling Gaming Headset,5,953.65
2024-06-07,Networking,Gigabit Ethernet Switch,4,1200.52
2024-06-07,Keyboards,RGB Backlit Keyboard,4,645.76
2024-06-07,Headsets,Surround Sound Headphones,4,187.44
2024-06-08,Monitors,34-inch Ultrawide Curved Monitor,5,2630.85
2024-06-09,Mice,Vertical Ergonomic Mouse,2,330.08
2024-06-09,Keyboards,Membrane Office Keyboard,4,776.8
2024-06-09,Storage,4TB Desktop HDD,2,269.74
2024-06-09,Headsets,Wireless Bluetooth Headphones,3,409.23
2024-06-09,Monitors,24-inch 144Hz Gaming Monitor,1,582.07
2024-06-10,Mice,Optical Gaming Mouse,3,263.67
2024-06-10,Storage,4TB Desktop HDD,1,265.88
2024-06-10,Mice,Trackball Mouse,5,295.3
2024-06-10,Mice,Vertical Ergonomic Mouse,3,576.78
2024-06-10,Keyboards,Wireless Ergonomic Keyboard,2,386.34
2024-06-10,Keyboards,Compact 60% Keyboard,2,290.42
2024-06-11,Networking,Gigabit Ethernet Switch,4,1847.24
2024-06-11,Storage,512GB Portable SSD,3,398.34
2024-06-12,Storage,512GB Portable SSD,3,301.86
2024-06-12,Storage,128GB USB Flash Drive,4,226.48
2024-06-12,Networking,Network Attached Storage (NAS),3,1384.35
2024-06-12,Headsets,USB Conference Headset,4,112.92
2024-06-13,Mice,Wireless Bluetooth Mouse,1,66.94
2024-06-13,Storage,4TB Desktop HDD,4,438.8
2024-06-13,Mice,Vertical Ergonomic Mouse,2,176.74
2024-06-13,Mice,Precision Laser Mouse,5,689.15
2024-06-13,Networking,USB Wi-Fi Adapter,3,1180.53
2024-06-14,Monitors,32-inch 8K Professional Monitor,4,1005.64
2024-06-14,Headsets,Wireless Bluetooth Headphones,2,299.32
2024-06-14,Monitors,34-inch Ultrawide Curved Monitor,5.0,2195.04
2024-06-15,Keyboards,Membrane Office Keyboard,1,171.03
2024-06-15,Keyboards,Mechanical Gaming Keyboard,1,94.23
2024-06-15,Networking,Gigabit Ethernet Switch,1,368.23
2024-06-15,Keyboards,Wireless Ergonomic Keyboard,5,510.4
2024-06-15,Keyboards,Membrane Office Keyboard,5,921.5
2024-06-16,Networking,Network Attached Storage (NAS),1,52.98
2024-06-16,Storage,128GB USB Flash Drive,1,34.52
2024-06-16,Networking,USB Wi-Fi Adapter,5,2449.35
2024-06-17,Keyboards,Membrane Office Keyboard,4,660.44
2024-06-17,Mice,Optical Gaming Mouse,1,114.39
2024-06-17,Mice,Wireless Bluetooth Mouse,5,573.8
2024-06-17,Headsets,USB Conference Headset,4,136.88
2024-06-17,Monitors,32-inch 8K Professional Monitor,5,1594.45
2024-06-18,Networking,Gigabit Ethernet Switch,3,1073.46
2024-06-18,Keyboards,Mechanical Gaming Keyboard,1,92.95
2024-06-18,Monitors,15.6-inch Portable USB-C Monitor,4,602.0
2024-06-18,Keyboards,Wireless Ergonomic Keyboard,1,109.97
2024-06-18,Monitors,24-inch 144Hz Gaming Monitor,5.0,1621.62
2024-06-19,Keyboards,Membrane Office Keyboard,1,61.36
2024-06-19,Networking,Powerline Ethernet Adapter,4,687.96
2024-06-19,Keyboards,RGB Backlit Keyboard,5,607.15
2024-06-19,Keyboards,Wireless Ergonomic Keyboard,3,68.46
2024-06-19,Mice,Trackball Mouse,2,310.82
2024-06-19,Networking,Network Attached Storage (NAS),1,184.67
2024-06-19,Storage,2TB External HDD,5,1276.8
2024-06-20,Monitors,15.6-inch Portable USB-C Monitor,3,1336.38
2024-06-20,Networking,Gigabit Ethernet Switch,1,275.36
2024-06-20,Headsets,Noise-Cancelling Gaming Headset,1,98.68
2024-06-20,Keyboards,RGB Backlit Keyboard,5,792.1
2024-06-21,Storage,128GB USB Flash Drive,3,114.0
2024-06-21,Headsets,Surround Sound Headphones,4,244.24
2024-06-21,Storage,128GB USB Flash Drive,4,320.6
2024-06-21,Storage,128GB USB Flash Drive,1,238.49
2024-06-21,Headsets,Wireless Bluetooth Headphones,1,34.77
2024-06-21,Mice,Precision Laser Mouse,2,306.28
2024-06-21,Headsets,USB Conference Headset,1,36.47
2024-06-21,Headsets,Surround Sound Headphones,3,471.12
2024-06-21,Keyboards,Wireless Ergonomic Keyboard,1,53.73
2024-06-21,Monitors,15.6-inch Portable USB-C Monitor,5.0,1680.2999999999993
2024-06-22,Keyboards,Mechanical Gaming Keyboard,1,83.7
2024-06-22,Keyboards,Membrane Office Keyboard,5,806.0
2024-06-22,Monitors,27-inch 4K IPS Monitor,3,1417.29
2024-06-23,Keyboards,Membrane Office Keyboard,2,245.9
2024-06-23,Mice,Precision Laser Mouse,2,89.98
2024-06-23,Headsets,USB Conference Headset,4,185.08
2024-06-23,Mice,Precision Laser Mouse,3,287.4
2024-06-23,Monitors,27-inch 4K IPS Monitor,3,979.59
2024-06-23,Mice,Precision Laser Mouse,5,655.0
2024-06-24,Monitors,27-inch 4K IPS Monitor,2,748.38
2024-06-24,Monitors,24-inch 144Hz Gaming Monitor,5,2209.5
2024-06-25,Headsets,Surround Sound Headphones,3,292.53
2024-06-25,Networking,Powerline Ethernet Adapter,2,370.4
2024-06-25,Storage,2TB External HDD,4,459.32
2024-06-25,Monitors,24-inch 144Hz Gaming Monitor,3,2284.17
2024-06-26,Networking,Network Attached Storage (NAS),5,2009.45
2024-06-27,Headsets,Surround Sound Headphones,3,500.91
2024-06-27,Monitors,24-inch 144Hz Gaming Monitor,1,938.86
2024-06-27,Mice,Trackball Mouse,5,261.95
2024-06-27,Storage,1TB NVMe SSD,4,1138.4
2024-06-28,Mice,Precision Laser Mouse,3,508.89
2024-06-28,Keyboards,Compact 60% Keyboard,4,180.2
2024-06-28,Headsets,Wireless Bluetooth Headphones,3,415.68
2024-06-28,Networking,Network Attached Storage (NAS),4,333.12
2024-06-28,Storage,128GB USB Flash Drive,5,691.1
2024-06-29,Storage,128GB USB Flash Drive,5,199.65
2024-06-29,Headsets,In-Ear Gaming Earbuds,5,674.35
2024-06-29,Keyboards,Mechanical Gaming Keyboard,2,276.74
2024-06-29,Headsets,Wireless Bluetooth Headphones,5,139.85
2024-06-29,Networking,Network Attached Storage (NAS),3,1453.71
2024-06-30,Monitors,27-inch 4K IPS Monitor,1,188.75
2024-06-30,Mice,Trackball Mouse,5,602.2
2024-06-30,Networking,Powerline Ethernet Adapter,2,501.2
2024-06-30,Monitors,32-inch 8K Professional Monitor,5.0,2207.8499999999995
2024-07-01,Mice,Vertical Ergonomic Mouse,1,106.9
2024-07-01,Headsets,Surround Sound Headphones,1,40.89
2024-07-01,Networking,Gigabit Ethernet Switch,3,571.05
2024-07-01,Monitors,34-inch Ultrawide Curved Monitor,5,2673.15
2024-07-02,Monitors,27-inch 4K IPS Monitor,4,2999.16
2024-07-03,Monitors,24-inch 144Hz Gaming Monitor,1,370.24
2024-07-03,Networking,Wireless Mesh Router System,1,432.13
2024-07-03,Networking,Wireless Mesh Router System,2,936.94
2024-07-03,Networking,Gigabit Ethernet Switch,5,642.5
2024-07-04,Mice,Vertical Ergonomic Mouse,5,483.75
2024-07-04,Monitors,34-inch Ultrawide Curved Monitor,4,2667.12
2024-07-05,Mice,Precision Laser Mouse,4,101.0
2024-07-05,Storage,2TB External HDD,4,759.56
2024-07-05,Monitors,27-inch 4K IPS Monitor,2,570.42
2024-07-05,Networking,Wireless Mesh Router System,5,478.95
2024-07-05,Storage,2TB External HDD,3,354.06
2024-07-06,Monitors,27-inch 4K IPS Monitor,3,2110.89
2024-07-07,Monitors,15.6-inch Portable USB-C Monitor,3,1911.81
2024-07-07,Storage,128GB USB Flash Drive,5,304.2
2024-07-08,Headsets,Surround Sound Headphones,5,255.25
2024-07-08,Networking,USB Wi-Fi Adapter,5,1577.9
2024-07-08,Networking,Gigabit Ethernet Switch,3,309.12
2024-07-09,Headsets,Noise-Cancelling Gaming Headset,2,174.4
2024-07-09,Mice,Trackball Mouse,4,381.12
2024-07-09,Mice,Trackball Mouse,4,384.6
2024-07-09,Monitors,15.6-inch Portable USB-C Monitor,2,1198.84
2024-07-10,Monitors,24-inch 144Hz Gaming Monitor,2,536.78
2024-07-10,Monitors,15.6-inch Portable USB-C Monitor,1,878.97
2024-07-10,Keyboards,Compact 60% Keyboard,2,110.24
2024-07-10,Monitors,15.6-inch Portable USB-C Monitor,5.0,1974.0100000000002
2024-07-11,Monitors,32-inch 8K Professional Monitor,4,2956.52
2024-07-12,Monitors,32-inch 8K Professional Monitor,2,348.8
2024-07-12,Keyboards,Wireless Ergonomic Keyboard,3,77.67
2024-07-12,Mice,Trackball Mouse,3,150.84
2024-07-12,Monitors,15.6-inch Portable USB-C Monitor,4,2379.0
2024-07-13,Keyboards,Membrane Office Keyboard,1,68.22
2024-07-13,Storage,512GB Portable SSD,5,1260.5
2024-07-13,Keyboards,Compact 60% Keyboard,5,296.7
2024-07-13,Monitors,27-inch 4K IPS Monitor,2,735.88
2024-07-14,Keyboards,Compact 60% Keyboard,3,248.22
2024-07-14,Keyboards,Compact 60% Keyboard,1,159.61
2024-07-14,Mice,Wireless Bluetooth Mouse,5,720.2
2024-07-14,Networking,Powerline Ethernet Adapter,4,498.76
2024-07-14,Mice,Wireless Bluetooth Mouse,2,329.96
2024-07-14,Storage,512GB Portable SSD,5,529.45
2024-07-15,Storage,2TB External HDD,3,882.99
2024-07-15,Headsets,USB Conference Headset,5,340.6
2024-07-15,Storage,1TB NVMe SSD,2,579.9
2024-07-15,Monitors,27-inch 4K IPS Monitor,3.0,1696.5099999999998
2024-07-16,Mice,Wireless Bluetooth Mouse,2,92.64
2024-07-16,Headsets,Wireless Bluetooth Headphones,4,432.4
2024-07-16,Storage,512GB Portable SSD,4,525.2
2024-07-16,Keyboards,Mechanical Gaming Keyboard,4,451.24
2024-07-16,Headsets,USB Conference Headset,4,764.2
2024-07-17,Headsets,In-Ear Gaming Earbuds,1,176.4
2024-07-17,Networking,Wireless Mesh Router System,4,1342.72
2024-07-17,Networking,USB Wi-Fi Adapter,1,408.06
2024-07-17,Monitors,34-inch Ultrawide Curved Monitor,4.0,1572.8200000000002
2024-07-18,Monitors,24-inch 144Hz Gaming Monitor,3,2536.53
2024-07-19,Headsets,In-Ear Gaming Earbuds,5,217.55
2024-07-19,Monitors,24-inch 144Hz Gaming Monitor,1,141.35
2024-07-19,Networking,Network Attached Storage (NAS),1,105.91
2024-07-19,Mice,Precision Laser Mouse,4,80.48
2024-07-19,Monitors,34-inch Ultrawide Curved Monitor,2,1787.86
2024-07-20,Headsets,Wireless Bluetooth Headphones,3,110.4
2024-07-20,Headsets,USB Conference Headset,1,86.93
2024-07-20,Networking,Gigabit Ethernet Switch,1,228.35
2024-07-20,Headsets,Wireless Bluetooth Headphones,4,551.96
2024-07-20,Networking,Wireless Mesh Router System,1,146.04
2024-07-20,Keyboards,Wireless Ergonomic Keyboard,5,303.55
2024-07-20,Networking,Network Attached Storage (NAS),1,53.63
2024-07-20,Headsets,Noise-Cancelling Gaming Headset,4,579.72
2024-07-21,Monitors,27-inch 4K IPS Monitor,2,889.52
2024-07-21,Networking,Wireless Mesh Router System,1,191.01
2024-07-21,Headsets,Wireless Bluetooth Headphones,4,636.88
2024-07-21,Mice,Wireless Bluetooth Mouse,1,115.49
2024-07-21,Keyboards,Membrane Office Keyboard,2,198.44
2024-07-22,Networking,Gigabit Ethernet Switch,2,927.9
2024-07-22,Storage,128GB USB Flash Drive,2,106.82
2024-07-22,Keyboards,Wireless Ergonomic Keyboard,1,126.12
2024-07-22,Monitors,24-inch 144Hz Gaming Monitor,4,1532.2
2024-07-23,Mice,Wireless Bluetooth Mouse,3,408.09
2024-07-23,Mice,Trackball Mouse,5,640.0
2024-07-23,Storage,512GB Portable SSD,1,258.93
2024-07-23,Networking,USB Wi-Fi Adapter,2,565.98
2024-07-23,Storage,2TB External HDD,4,439.2
2024-07-24,Keyboards,Wireless Ergonomic Keyboard,4,357.84
2024-07-24,Mice,Precision Laser Mouse,5,163.9
2024-07-24,Keyboards,RGB Backlit Keyboard,3,131.28
2024-07-24,Storage,128GB USB Flash Drive,3,532.56
2024-07-24,Mice,Precision Laser Mouse,1,23.0
2024-07-24,Keyboards,Mechanical Gaming Keyboard,3,176.49
2024-07-24,Keyboards,Compact 60% Keyboard,5,357.85
2024-07-24,Networking,Powerline Ethernet Adapter,4,962.44
2024-07-25,Monitors,27-inch 4K IPS Monitor,5,2919.45
2024-07-26,Mice,Vertical Ergonomic Mouse,1,75.78
2024-07-26,Storage,2TB External HDD,2,349.66
2024-07-26,Monitors,15.6-inch Portable USB-C Monitor,1,379.15
2024-07-26,Monitors,34-inch Ultrawide Curved Monitor,1,320.03
2024-07-26,Monitors,27-inch 4K IPS Monitor,4.0,2375.38
2024-07-27,Keyboards,RGB Backlit Keyboard,2,83.0
2024-07-27,Networking,Gigabit Ethernet Switch,1,123.72
2024-07-27,Headsets,In-Ear Gaming Earbuds,5,804.7
2024-07-27,Networking,USB Wi-Fi Adapter,2,434.68
2024-07-27,Networking,USB Wi-Fi Adapter,1,397.14
2024-07-27,Keyboards,RGB Backlit Keyboard,4,275.84
2024-07-28,Keyboards,RGB Backlit Keyboard,5,664.8
2024-07-28,Monitors,32-inch 8K Professional Monitor,5,2120.55
2024-07-29,Monitors,15.6-inch Portable USB-C Monitor,2,861.84
2024-07-29,Headsets,Noise-Cancelling Gaming Headset,5,706.7
2024-07-29,Keyboards,Wireless Ergonomic Keyboard,5,102.3
2024-07-29,Keyboards,Wireless Ergonomic Keyboard,1,104.92
2024-07-29,Monitors,34-inch Ultrawide Curved Monitor,2.0,1724.2399999999998
2024-07-30,Keyboards,Membrane Office Keyboard,4,241.64
2024-07-30,Mice,Precision Laser Mouse,3,206.49
2024-07-30,Keyboards,Membrane Office Keyboard,3,124.47
2024-07-30,Networking,Wireless Mesh Router System,2,300.86
2024-07-30,Storage,1TB NVMe SSD,4,194.44
2024-07-30,Monitors,24-inch 144Hz Gaming Monitor,3,1183.71
2024-07-31,Storage,128GB USB Flash Drive,1,129.61
2024-07-31,Headsets,In-Ear Gaming Earbuds,3,459.36
2024-07-31,Mice,Precision Laser Mouse,3,379.5
2024-07-31,Monitors,34-inch Ultrawide Curved Monitor,5.0,2531.53
2024-08-01,Mice,Wireless Bluetooth Mouse,1,187.83
2024-08-01,Keyboards,Wireless Ergonomic Keyboard,5,411.8
2024-08-01,Networking,Wireless Mesh Router System,3,151.98
2024-08-01,Networking,Network Attached Storage (NAS),3,290.34
2024-08-01,Storage,2TB External HDD,4,651.4
2024-08-01,Keyboards,Wireless Ergonomic Keyboard,3,110.22
2024-08-01,Mice,Trackball Mouse,4,584.6
2024-08-02,Headsets,Surround Sound Headphones,1,124.54
2024-08-02,Storage,2TB External HDD,4,200.8
2024-08-02,Storage,1TB NVMe SSD,4,835.44
2024-08-02,Mice,Wireless Bluetooth Mouse,3,200.94
2024-08-02,Headsets,Surround Sound Headphones,3,231.75
2024-08-02,Headsets,Wireless Bluetooth Headphones,1,189.84
2024-08-02,Mice,Trackball Mouse,1,47.97
2024-08-02,Mice,Precision Laser Mouse,4,306.12
2024-08-03,Keyboards,Membrane Office Keyboard,3,580.89
2024-08-03,Mice,Precision Laser Mouse,3,310.2
2024-08-03,Keyboards,Mechanical Gaming Keyboard,2,330.74
2024-08-03,Headsets,In-Ear Gaming Earbuds,1,58.7
2024-08-03,Headsets,Wireless Bluetooth Headphones,1,148.01
2024-08-03,Headsets,Surround Sound Headphones,5,144.05
2024-08-03,Headsets,USB Conference Headset,2,51.18
2024-08-03,Monitors,32-inch 8K Professional Monitor,5.0,1876.23
2024-08-04,Mice,Optical Gaming Mouse,4,153.36
2024-08-04,Mice,Optical Gaming Mouse,1,31.1
2024-08-04,Mice,Wireless Bluetooth Mouse,2,336.52
2024-08-04,Headsets,Noise-Cancelling Gaming Headset,5,627.5
2024-08-04,Keyboards,Mechanical Gaming Keyboard,1,55.6
2024-08-04,Networking,Network Attached Storage (NAS),2,182.78
2024-08-04,Headsets,Noise-Cancelling Gaming Headset,1,189.61
2024-08-04,Keyboards,Wireless Ergonomic Keyboard,5,489.85
2024-08-05,Networking,Network Attached Storage (NAS),4,253.08
2024-08-05,Networking,Network Attached Storage (NAS),2,418.54
2024-08-05,Mice,Vertical Ergonomic Mouse,3,300.84
2024-08-05,Mice,Optical Gaming Mouse,5,657.25
2024-08-05,Mice,Vertical Ergonomic Mouse,4,376.64
2024-08-06,Storage,128GB USB Flash Drive,1,53.68
2024-08-06,Monitors,34-inch Ultrawide Curved Monitor,4,1118.04
2024-08-06,Storage,2TB External HDD,5,1223.05
2024-08-07,Monitors,24-inch 144Hz Gaming Monitor,4,2360.28
2024-08-08,Monitors,24-inch 144Hz Gaming Monitor,5,2760.75
2024-08-09,Monitors,24-inch 144Hz Gaming Monitor,2,246.92
2024-08-09,Storage,2TB External HDD,1,271.86
2024-08-09,Headsets,Noise-Cancelling Gaming Headset,4,461.2
2024-08-09,Storage,2TB External HDD,2,114.08
2024-08-09,Networking,Gigabit Ethernet Switch,3,870.48
2024-08-09,Networking,Wireless Mesh Router System,2,618.12
2024-08-10,Monitors,24-inch 144Hz Gaming Monitor,2,516.98
2024-08-10,Storage,512GB Portable SSD,3,830.31
2024-08-10,Keyboards,RGB Backlit Keyboard,5,607.25
2024-08-10,Storage,2TB External HDD,4,705.48
2024-08-11,Mice,Precision Laser Mouse,1,36.25
2024-08-11,Mice,Trackball Mouse,2,47.18
2024-08-11,Monitors,27-inch 4K IPS Monitor,3,2778.33
2024-08-12,Mice,Wireless Bluetooth Mouse,3,447.15
2024-08-12,Headsets,Noise-Cancelling Gaming Headset,1,46.59
2024-08-12,Networking,Gigabit Ethernet Switch,1,430.92
2024-08-12,Headsets,Noise-Cancelling Gaming Headset,3,440.46
2024-08-12,Networking,Network Attached Storage (NAS),5,477.3
2024-08-12,Headsets,USB Conference Headset,2,391.3
2024-08-13,Networking,Network Attached Storage (NAS),4,1368.52
2024-08-13,Mice,Trackball Mouse,5,808.3
2024-08-14,Mice,Trackball Mouse,2,176.22
2024-08-14,Networking,USB Wi-Fi Adapter,2,259.94
2024-08-14,Keyboards,Membrane Office Keyboard,4,692.56
2024-08-14,Storage,1TB NVMe SSD,2,385.28
2024-08-14,Storage,2TB External HDD,5,290.55
2024-08-14,Monitors,34-inch Ultrawide Curved Monitor,3.0,1695.4500000000003
2024-08-15,Mice,Vertical Ergonomic Mouse,3,150.66
2024-08-15,Keyboards,RGB Backlit Keyboard,4,88.2
2024-08-15,Mice,Wireless Bluetooth Mouse,1,83.09
2024-08-15,Keyboards,Mechanical Gaming Keyboard,1,89.47
2024-08-15,Networking,Network Attached Storage (NAS),2,896.1
2024-08-15,Monitors,32-inch 8K Professional Monitor,3,1774.26
2024-08-16,Keyboards,Compact 60% Keyboard,5,685.85
2024-08-16,Networking,Gigabit Ethernet Switch,2,506.16
2024-08-16,Keyboards,RGB Backlit Keyboard,1,77.37
2024-08-16,Keyboards,Mechanical Gaming Keyboard,3,151.86
2024-08-16,Monitors,34-inch Ultrawide Curved Monitor,1,592.34
2024-08-17,Keyboards,RGB Backlit Keyboard,5,986.75
2024-08-17,Monitors,27-inch 4K IPS Monitor,4.0,2513.25
2024-08-18,Mice,Trackball Mouse,4,193.12
2024-08-18,Keyboards,RGB Backlit Keyboard,2,390.78
2024-08-18,Monitors,15.6-inch Portable USB-C Monitor,5,1693.7
2024-08-19,Headsets,USB Conference Headset,2,74.52
2024-08-19,Monitors,15.6-inch Portable USB-C Monitor,5.0,3425.4799999999996
2024-08-20,Mice,Optical Gaming Mouse,3,62.07
2024-08-20,Keyboards,RGB Backlit Keyboard,5,532.3
2024-08-20,Keyboards,Mechanical Gaming Keyboard,2,101.5
2024-08-20,Headsets,Noise-Cancelling Gaming Headset,4,687.52
2024-08-20,Headsets,Surround Sound Headphones,4,432.16
2024-08-20,Networking,USB Wi-Fi Adapter,1,338.84
2024-08-21,Monitors,34-inch Ultrawide Curved Monitor,3,2690.82
2024-08-22,Headsets,Wireless Bluetooth Headphones,4,112.12
2024-08-22,Monitors,32-inch 8K Professional Monitor,3,910.86
2024-08-22,Headsets,In-Ear Gaming Earbuds,1,47.2
2024-08-22,Networking,Wireless Mesh Router System,1,350.66
2024-08-22,Storage,128GB USB Flash Drive,5,457.15
2024-08-22,Keyboards,Compact 60% Keyboard,5,476.75
2024-08-23,Storage,128GB USB Flash Drive,5,1340.25
2024-08-23,Monitors,24-inch 144Hz Gaming Monitor,1,455.32
2024-08-23,Networking,Wireless Mesh Router System,5,1535.25
2024-08-24,Storage,4TB Desktop HDD,5,349.05
2024-08-24,Monitors,34-inch Ultrawide Curved Monitor,2,1949.9
2024-08-25,Mice,Wireless Bluetooth Mouse,1,96.21
2024-08-25,Networking,Network Attached Storage (NAS),2,997.54
2024-08-25,Networking,Gigabit Ethernet Switch,5,830.25
2024-08-25,Networking,Wireless Mesh Router System,1,224.64
2024-08-26,Monitors,15.6-inch Portable USB-C Monitor,3,2612.88
2024-08-27,Storage,128GB USB Flash Drive,1,242.37
2024-08-27,Storage,4TB Desktop HDD,5,1205.3
2024-08-27,Keyboards,Compact 60% Keyboard,2,93.36
2024-08-27,Storage,4TB Desktop HDD,1,279.73
2024-08-27,Storage,1TB NVMe SSD,3,792.66
2024-08-28,Headsets,Surround Sound Headphones,3,266.85
2024-08-28,Monitors,15.6-inch Portable USB-C Monitor,5,2628.7
2024-08-29,Mice,Vertical Ergonomic Mouse,4,183.56
2024-08-29,Storage,128GB USB Flash Drive,1,136.86
2024-08-29,Headsets,Wireless Bluetooth Headphones,1,154.23
2024-08-29,Headsets,USB Conference Headset,1,80.82
2024-08-29,Headsets,USB Conference Headset,3,515.13
2024-08-29,Networking,Wireless Mesh Router System,2,220.94
2024-08-29,Networking,Network Attached Storage (NAS),3,513.72
2024-08-29,Monitors,15.6-inch Portable USB-C Monitor,1,269.14
2024-08-30,Mice,Precision Laser Mouse,4,626.84
2024-08-30,Headsets,Noise-Cancelling Gaming Headset,5,812.35
2024-08-30,Keyboards,RGB Backlit Keyboard,5,463.05
2024-08-30,Storage,4TB Desktop HDD,1,76.91
2024-08-30,Mice,Optical Gaming Mouse,2,51.9
2024-08-31,Keyboards,RGB Backlit Keyboard,2,138.64
2024-08-31,Monitors,15.6-inch Portable USB-C Monitor,4,2687.48
2024-09-01,Keyboards,Mechanical Gaming Keyboard,2,174.08
2024-09-01,Storage,128GB USB Flash Drive,2,578.68
2024-09-01,Monitors,15.6-inch Portable USB-C Monitor,5,2073.9
2024-09-02,Mice,Vertical Ergonomic Mouse,1,71.31
2024-09-02,Monitors,27-inch 4K IPS Monitor,2,1736.88
2024-09-02,Mice,Wireless Bluetooth Mouse,2,283.98
2024-09-03,Headsets,Surround Sound Headphones,5,118.05
2024-09-03,Networking,Wireless Mesh Router System,4,1840.72
2024-09-03,Networking,Gigabit Ethernet Switch,5.0,1541.23
2024-09-04,Mice,Vertical Ergonomic Mouse,5,824.6
2024-09-04,Headsets,USB Conference Headset,4,724.76
2024-09-04,Headsets,Surround Sound Headphones,3,177.84
2024-09-04,Headsets,In-Ear Gaming Earbuds,5,457.45
2024-09-05,Keyboards,Mechanical Gaming Keyboard,5,999.5
2024-09-05,Headsets,In-Ear Gaming Earbuds,5,648.15
2024-09-05,Headsets,Noise-Cancelling Gaming Headset,4,125.96
2024-09-05,Headsets,USB Conference Headset,3,201.03
2024-09-05,Networking,USB Wi-Fi Adapter,2,234.94
2024-09-06,Mice,Optical Gaming Mouse,5,463.7
2024-09-06,Headsets,Wireless Bluetooth Headphones,1,137.97
2024-09-06,Headsets,USB Conference Headset,4,371.32
2024-09-06,Networking,Wireless Mesh Router System,5,1843.15
2024-09-07,Storage,2TB External HDD,3,678.51
2024-09-07,Mice,Trackball Mouse,4,732.68
2024-09-07,Networking,USB Wi-Fi Adapter,5,925.45
2024-09-08,Mice,Trackball Mouse,2,145.76
2024-09-08,Monitors,34-inch Ultrawide Curved Monitor,3,2258.01
2024-09-09,Storage,2TB External HDD,3,620.1
2024-09-09,Mice,Vertical Ergonomic Mouse,2,307.92
2024-09-09,Headsets,Surround Sound Headphones,3,260.7
2024-09-09,Storage,512GB Portable SSD,4,1039.32
2024-09-10,Monitors,27-inch 4K IPS Monitor,5,3111.4
2024-09-11,Storage,1TB NVMe SSD,4,1080.6
2024-09-11,Storage,1TB NVMe SSD,4,692.24
2024-09-11,Monitors,27-inch 4K IPS Monitor,2,447.26
2024-09-12,Mice,Vertical Ergonomic Mouse,4,790.76
2024-09-12,Monitors,34-inch Ultrawide Curved Monitor,3,2628.45
2024-09-13,Mice,Optical Gaming Mouse,4,319.48
2024-09-13,Mice,Vertical Ergonomic Mouse,1,20.85
2024-09-13,Headsets,Wireless Bluetooth Headphones,2,247.46
2024-09-13,Mice,Precision Laser Mouse,1,43.29
2024-09-13,Monitors,32-inch 8K Professional Monitor,4,1944.48
2024-09-14,Monitors,32-inch 8K Professional Monitor,1,133.95
2024-09-14,Mice,Vertical Ergonomic Mouse,1,180.56
2024-09-14,Storage,2TB External HDD,1,212.72
2024-09-14,Networking,Gigabit Ethernet Switch,2,724.18
2024-09-14,Headsets,USB Conference Headset,2,76.98
2024-09-14,Storage,4TB Desktop HDD,3,225.3
2024-09-14,Keyboards,RGB Backlit Keyboard,3,306.21
2024-09-14,Storage,4TB Desktop HDD,5,606.1
2024-09-15,Networking,Gigabit Ethernet Switch,3,1494.78
2024-09-15,Monitors,24-inch 144Hz Gaming Monitor,2,496.8
2024-09-15,Monitors,27-inch 4K IPS Monitor,2,603.78
2024-09-16,Mice,Wireless Bluetooth Mouse,1,126.14
2024-09-16,Mice,Optical Gaming Mouse,3,444.0
2024-09-16,Keyboards,Compact 60% Keyboard,3,476.46
2024-09-16,Storage,1TB NVMe SSD,5,1492.8
2024-09-17,Networking,Wireless Mesh Router System,1,71.71
2024-09-17,Keyboards,Compact 60% Keyboard,4,353.8
2024-09-17,Storage,512GB Portable SSD,4,878.0
2024-09-17,Mice,Optical Gaming Mouse,3,287.28
2024-09-17,Keyboards,Membrane Office Keyboard,3,396.3
2024-09-17,Networking,Gigabit Ethernet Switch,4.0,1512.91
2024-09-18,Keyboards,Membrane Office Keyboard,5,205.95
2024-09-18,Keyboards,Mechanical Gaming Keyboard,4,223.04
2024-09-18,Mice,Vertical Ergonomic Mouse,5,975.8
2024-09-18,Headsets,Surround Sound Headphones,3,146.61
2024-09-18,Storage,128GB USB Flash Drive,2,431.64
2024-09-18,Monitors,24-inch 144Hz Gaming Monitor,2,204.92
2024-09-19,Networking,Wireless Mesh Router System,1,425.85
2024-09-19,Networking,Network Attached Storage (NAS),2,954.5
2024-09-19,Storage,1TB NVMe SSD,1,274.29
2024-09-19,Networking,Gigabit Ethernet Switch,4.0,1845.3600000000001
2024-09-20,Headsets,USB Conference Headset,4,116.04
2024-09-20,Mice,Optical Gaming Mouse,3,254.52
2024-09-20,Networking,USB Wi-Fi Adapter,4,1529.36
2024-09-20,Keyboards,Mechanical Gaming Keyboard,1,173.36
2024-09-21,Networking,Gigabit Ethernet Switch,3,632.67
2024-09-21,Monitors,15.6-inch Portable USB-C Monitor,3,2671.89
2024-09-22,Keyboards,RGB Backlit Keyboard,3,158.76
2024-09-22,Monitors,32-inch 8K Professional Monitor,4,1378.6
2024-09-22,Monitors,32-inch 8K Professional Monitor,4.0,1962.6400000000003
2024-09-23,Mice,Optical Gaming Mouse,2,290.62
2024-09-23,Keyboards,Wireless Ergonomic Keyboard,1,94.88
2024-09-23,Storage,128GB USB Flash Drive,5,1065.85
2024-09-23,Mice,Trackball Mouse,4,641.0
2024-09-24,Storage,1TB NVMe SSD,2,320.86
2024-09-24,Monitors,27-inch 4K IPS Monitor,4,1986.48
2024-09-25,Keyboards,RGB Backlit Keyboard,3,66.66
2024-09-25,Networking,Powerline Ethernet Adapter,5,1878.5
2024-09-25,Mice,Vertical Ergonomic Mouse,5,570.8
2024-09-26,Networking,Powerline Ethernet Adapter,1,244.78
2024-09-26,Networking,Gigabit Ethernet Switch,4,822.36
2024-09-26,Networking,Network Attached Storage (NAS),2,855.12
2024-09-26,Storage,4TB Desktop HDD,1,33.14
2024-09-26,Mice,Trackball Mouse,4,693.36
2024-09-27,Mice,Optical Gaming Mouse,4,310.84
2024-09-27,Headsets,USB Conference Headset,1,111.25
2024-09-27,Storage,128GB USB Flash Drive,4,1002.48
2024-09-27,Keyboards,Compact 60% Keyboard,4,656.92
2024-09-28,Monitors,27-inch 4K IPS Monitor,4,2009.44
2024-09-29,Keyboards,Compact 60% Keyboard,1,38.48
2024-09-29,Monitors,27-inch 4K IPS Monitor,5,2970.95
2024-09-30,Keyboards,Membrane Office Keyboard,5,673.8
2024-09-30,Storage,4TB Desktop HDD,2,413.48
2024-09-30,Monitors,24-inch 144Hz Gaming Monitor,3.0,2412.7200000000003
2024-10-01,Mice,Precision Laser Mouse,3,362.49
2024-10-01,Storage,4TB Desktop HDD,4,894.0
2024-10-01,Headsets,Surround Sound Headphones,1,37.54
2024-10-01,Networking,Gigabit Ethernet Switch,1,203.61
2024-10-01,Networking,USB Wi-Fi Adapter,5,1424.45
2024-10-02,Networking,Wireless Mesh Router System,1,453.59
2024-10-02,Monitors,34-inch Ultrawide Curved Monitor,4,785.08
2024-10-02,Storage,2TB External HDD,2,125.2
2024-10-02,Monitors,34-inch Ultrawide Curved Monitor,4.0,2136.1299999999997
2024-10-03,Mice,Vertical Ergonomic Mouse,1,156.29
2024-10-03,Keyboards,Membrane Office Keyboard,1,158.99
2024-10-03,Monitors,32-inch 8K Professional Monitor,5.0,3184.7200000000003
2024-10-04,Mice,Precision Laser Mouse,1,115.47
2024-10-04,Keyboards,Membrane Office Keyboard,4,683.96
2024-10-04,Monitors,15.6-inch Portable USB-C Monitor,2,1445.28
2024-10-05,Mice,Wireless Bluetooth Mouse,1,89.73
2024-10-05,Storage,4TB Desktop HDD,3,498.33
2024-10-05,Monitors,32-inch 8K Professional Monitor,5.0,2911.9400000000005
2024-10-06,Mice,Vertical Ergonomic Mouse,4,773.8
2024-10-06,Headsets,Surround Sound Headphones,2,89.74
2024-10-06,Storage,4TB Desktop HDD,3,772.89
2024-10-06,Storage,512GB Portable SSD,5,1004.0
2024-10-07,Mice,Wireless Bluetooth Mouse,5,742.95
2024-10-07,Networking,USB Wi-Fi Adapter,2,983.2
2024-10-07,Networking,Gigabit Ethernet Switch,5,1470.6
2024-10-08,Networking,USB Wi-Fi Adapter,1,392.35
2024-10-08,Storage,128GB USB Flash Drive,5,920.35
2024-10-08,Networking,Network Attached Storage (NAS),5,893.35
2024-10-09,Monitors,27-inch 4K IPS Monitor,5,979.1
2024-10-09,Monitors,34-inch Ultrawide Curved Monitor,1,703.23
2024-10-09,Mice,Vertical Ergonomic Mouse,2,394.08
2024-10-10,Networking,USB Wi-Fi Adapter,2,855.44
2024-10-10,Networking,USB Wi-Fi Adapter,2,778.24
2024-10-10,Keyboards,RGB Backlit Keyboard,4,153.8
2024-10-10,Networking,Powerline Ethernet Adapter,2,768.18
2024-10-11,Storage,128GB USB Flash Drive,2,335.9
2024-10-11,Networking,USB Wi-Fi Adapter,1,466.92
2024-10-11,Monitors,32-inch 8K Professional Monitor,3.0,2697.1800000000003
2024-10-12,Keyboards,Mechanical Gaming Keyboard,3,169.68
2024-10-12,Monitors,34-inch Ultrawide Curved Monitor,3,2338.8
2024-10-13,Storage,4TB Desktop HDD,2,479.12
2024-10-13,Mice,Vertical Ergonomic Mouse,4,207.76
2024-10-13,Networking,Wireless Mesh Router System,2,966.22
2024-10-13,Networking,Powerline Ethernet Adapter,1,219.74
2024-10-13,Monitors,24-inch 144Hz Gaming Monitor,5.0,1627.1600000000003
2024-10-14,Mice,Trackball Mouse,3,63.06
2024-10-14,Monitors,34-inch Ultrawide Curved Monitor,1,238.33
2024-10-14,Headsets,In-Ear Gaming Earbuds,1,159.26
2024-10-14,Networking,Powerline Ethernet Adapter,3,812.25
2024-10-14,Storage,4TB Desktop HDD,3,149.04
2024-10-14,Networking,USB Wi-Fi Adapter,5,744.9
2024-10-15,Mice,Trackball Mouse,1,161.53
2024-10-15,Mice,Precision Laser Mouse,5,583.35
2024-10-15,Keyboards,RGB Backlit Keyboard,2,358.02
2024-10-15,Networking,USB Wi-Fi Adapter,3,637.08
2024-10-15,Mice,Trackball Mouse,5,527.35
2024-10-16,Storage,1TB NVMe SSD,1,210.61
2024-10-16,Monitors,34-inch Ultrawide Curved Monitor,5.0,3289.3900000000003
2024-10-17,Mice,Optical Gaming Mouse,3,265.95
2024-10-17,Keyboards,Compact 60% Keyboard,3,351.72
2024-10-17,Headsets,Noise-Cancelling Gaming Headset,5,839.9
2024-10-17,Headsets,In-Ear Gaming Earbuds,5,501.0
2024-10-17,Keyboards,RGB Backlit Keyboard,2,155.32
2024-10-18,Keyboards,Mechanical Gaming Keyboard,2,389.78
2024-10-18,Storage,4TB Desktop HDD,1,199.27
2024-10-18,Mice,Wireless Bluetooth Mouse,4,681.68
2024-10-18,Mice,Trackball Mouse,4,545.52
2024-10-18,Keyboards,Wireless Ergonomic Keyboard,1,102.66
2024-10-18,Headsets,Noise-Cancelling Gaming Headset,1,33.18
2024-10-18,Mice,Vertical Ergonomic Mouse,5,163.4
2024-10-19,Mice,Vertical Ergonomic Mouse,4,359.4
2024-10-19,Networking,Network Attached Storage (NAS),4,769.52
2024-10-19,Monitors,27-inch 4K IPS Monitor,5,526.55
2024-10-19,Networking,Powerline Ethernet Adapter,1,390.18
2024-10-20,Storage,1TB NVMe SSD,1,126.58
2024-10-20,Storage,1TB NVMe SSD,3,727.38
2024-10-20,Headsets,In-Ear Gaming Earbuds,1,70.67
2024-10-20,Monitors,32-inch 8K Professional Monitor,4.0,2575.3700000000003
2024-10-21,Keyboards,Compact 60% Keyboard,2,232.04
2024-10-21,Mice,Precision Laser Mouse,5,365.5
2024-10-21,Networking,Gigabit Ethernet Switch,3,1064.34
2024-10-21,Networking,USB Wi-Fi Adapter,1,299.09
2024-10-21,Storage,2TB External HDD,1,41.28
2024-10-22,Storage,4TB Desktop HDD,4,700.12
2024-10-22,Keyboards,RGB Backlit Keyboard,2,309.38
2024-10-22,Networking,USB Wi-Fi Adapter,2,471.38
2024-10-22,Networking,Powerline Ethernet Adapter,2,244.86
2024-10-22,Mice,Trackball Mouse,3,164.94
2024-10-22,Mice,Trackball Mouse,1,173.25
2024-10-23,Storage,128GB USB Flash Drive,5,248.75
2024-10-23,Networking,Wireless Mesh Router System,3,282.57
2024-10-23,Networking,Powerline Ethernet Adapter,4,1912.76
2024-10-24,Headsets,Wireless Bluetooth Headphones,2,76.02
2024-10-24,Storage,1TB NVMe SSD,2,231.6
2024-10-24,Monitors,24-inch 144Hz Gaming Monitor,5.0,3192.38
2024-10-25,Networking,Powerline Ethernet Adapter,2,609.0
2024-10-25,Headsets,USB Conference Headset,4,201.44
2024-10-25,Headsets,Wireless Bluetooth Headphones,2,296.4
2024-10-25,Networking,Network Attached Storage (NAS),3,1284.15
2024-10-26,Mice,Vertical Ergonomic Mouse,4,413.24
2024-10-26,Headsets,USB Conference Headset,4,477.2
2024-10-26,Mice,Trackball Mouse,1,171.52
2024-10-26,Mice,Trackball Mouse,2,134.76
2024-10-26,Networking,Wireless Mesh Router System,1,451.45
2024-10-26,Storage,1TB NVMe SSD,5,931.5
2024-10-27,Storage,2TB External HDD,1,178.93
2024-10-27,Storage,4TB Desktop HDD,4,826.24
2024-10-27,Mice,Vertical Ergonomic Mouse,4,240.8
2024-10-27,Storage,512GB Portable SSD,2,310.94
2024-10-27,Storage,1TB NVMe SSD,4,512.96
2024-10-28,Keyboards,Wireless Ergonomic Keyboard,5,715.75
2024-10-28,Storage,2TB External HDD,4,291.96
2024-10-28,Storage,4TB Desktop HDD,2,457.4
2024-10-28,Monitors,24-inch 144Hz Gaming Monitor,1,296.94
2024-10-28,Monitors,34-inch Ultrawide Curved Monitor,1,337.92
2024-10-29,Mice,Optical Gaming Mouse,2,226.44
2024-10-29,Headsets,Surround Sound Headphones,4,740.88
2024-10-29,Keyboards,Mechanical Gaming Keyboard,3,115.74
2024-10-29,Storage,512GB Portable SSD,3,558.69
2024-10-29,Storage,2TB External HDD,4,825.96
2024-10-30,Headsets,In-Ear Gaming Earbuds,1,113.0
2024-10-30,Monitors,34-inch Ultrawide Curved Monitor,5,2326.3
2024-10-31,Headsets,Surround Sound Headphones,4,718.76
2024-10-31,Keyboards,Membrane Office Keyboard,2,198.36
2024-10-31,Mice,Optical Gaming Mouse,5,679.15
2024-10-31,Mice,Wireless Bluetooth Mouse,2,96.64
2024-10-31,Storage,1TB NVMe SSD,2,283.9
2024-10-31,Headsets,Noise-Cancelling Gaming Headset,4,566.16
2024-11-01,Monitors,34-inch Ultrawide Curved Monitor,5,1225.6
2024-11-01,Monitors,27-inch 4K IPS Monitor,2,277.66
2024-11-01,Storage,4TB Desktop HDD,2,132.76
2024-11-01,Storage,1TB NVMe SSD,5,348.25
2024-11-01,Mice,Vertical Ergonomic Mouse,2,226.0
2024-11-02,Monitors,15.6-inch Portable USB-C Monitor,5,3369.3
2024-11-03,Networking,USB Wi-Fi Adapter,1,147.47
2024-11-03,Storage,128GB USB Flash Drive,4,304.2
2024-11-03,Monitors,15.6-inch Portable USB-C Monitor,2,1630.3
2024-11-04,Mice,Trackball Mouse,5,338.05
2024-11-04,Networking,USB Wi-Fi Adapter,4,1273.76
2024-11-04,Keyboards,Wireless Ergonomic Keyboard,4,357.52
2024-11-04,Keyboards,Mechanical Gaming Keyboard,2,228.18
2024-11-05,Storage,128GB USB Flash Drive,2,386.98
2024-11-05,Mice,Precision Laser Mouse,5,639.85
2024-11-05,Storage,4TB Desktop HDD,1,55.16
2024-11-05,Networking,Gigabit Ethernet Switch,5,1463.4
2024-11-06,Keyboards,Compact 60% Keyboard,5,478.6
2024-11-06,Keyboards,Membrane Office Keyboard,4,245.24
2024-11-06,Monitors,32-inch 8K Professional Monitor,3,1890.42
2024-11-07,Networking,Powerline Ethernet Adapter,1,241.47
2024-11-07,Headsets,Surround Sound Headphones,2,367.64
2024-11-07,Keyboards,RGB Backlit Keyboard,5,889.1
2024-11-07,Monitors,24-inch 144Hz Gaming Monitor,2,209.84
2024-11-07,Networking,Wireless Mesh Router System,5,1425.7
2024-11-08,Storage,1TB NVMe SSD,4,826.92
2024-11-08,Networking,USB Wi-Fi Adapter,4,852.08
2024-11-08,Mice,Precision Laser Mouse,5,328.25
2024-11-09,Storage,128GB USB Flash Drive,5,643.6
2024-11-09,Headsets,Surround Sound Headphones,2,188.76
2024-11-09,Storage,128GB USB Flash Drive,2,259.92
2024-11-09,Storage,128GB USB Flash Drive,3,890.7
2024-11-09,Storage,512GB Portable SSD,4,914.64
2024-11-10,Networking,Wireless Mesh Router System,2,501.94
2024-11-10,Networking,Gigabit Ethernet Switch,1,146.51
2024-11-10,Monitors,24-inch 144Hz Gaming Monitor,5.0,2851.5499999999997
2024-11-11,Networking,Wireless Mesh Router System,2,450.2
2024-11-11,Networking,Wireless Mesh Router System,1,420.46
2024-11-11,Monitors,15.6-inch Portable USB-C Monitor,4,717.32
2024-11-11,Headsets,Wireless Bluetooth Headphones,3,103.23
2024-11-11,Keyboards,Compact 60% Keyboard,4,522.04
2024-11-12,Storage,512GB Portable SSD,5,227.6
2024-11-12,Mice,Precision Laser Mouse,4,87.72
2024-11-12,Networking,Powerline Ethernet Adapter,3,412.92
2024-11-12,Storage,4TB Desktop HDD,5,1092.9
2024-11-12,Storage,2TB External HDD,1,127.13
2024-11-12,Networking,Wireless Mesh Router System,2,178.16
2024-11-13,Headsets,Surround Sound Headphones,3,421.62
2024-11-13,Monitors,15.6-inch Portable USB-C Monitor,2,1131.94
2024-11-13,Networking,Wireless Mesh Router System,1,297.32
2024-11-13,Networking,Powerline Ethernet Adapter,5,1033.2
2024-11-14,Headsets,Wireless Bluetooth Headphones,5,966.75
2024-11-14,Monitors,32-inch 8K Professional Monitor,5,520.95
2024-11-14,Mice,Precision Laser Mouse,5,195.8
2024-11-14,Keyboards,Membrane Office Keyboard,3,243.57
2024-11-14,Keyboards,Membrane Office Keyboard,3,533.1
2024-11-15,Storage,512GB Portable SSD,4,1163.32
2024-11-15,Storage,128GB USB Flash Drive,2,469.04
2024-11-15,Monitors,32-inch 8K Professional Monitor,5.0,1867.6400000000003
2024-11-16,Monitors,27-inch 4K IPS Monitor,3,482.4
2024-11-16,Networking,Gigabit Ethernet Switch,2,820.14
2024-11-16,Monitors,24-inch 144Hz Gaming Monitor,5.0,2197.46
2024-11-17,Networking,USB Wi-Fi Adapter,2,358.56
2024-11-17,Monitors,24-inch 144Hz Gaming Monitor,1,599.1
2024-11-17,Mice,Precision Laser Mouse,3,250.92
2024-11-17,Storage,512GB Portable SSD,2,571.44
2024-11-17,Networking,Gigabit Ethernet Switch,4,1526.8
2024-11-18,Mice,Wireless Bluetooth Mouse,3,171.66
2024-11-18,Mice,Wireless Bluetooth Mouse,5,420.4
2024-11-18,Keyboards,Mechanical Gaming Keyboard,1,141.65
2024-11-18,Networking,Network Attached Storage (NAS),5,264.9
2024-11-18,Storage,1TB NVMe SSD,4,520.88
2024-11-18,Headsets,Surround Sound Headphones,5,881.9
2024-11-19,Monitors,34-inch Ultrawide Curved Monitor,5,1761.2
2024-11-19,Mice,Trackball Mouse,2,59.5
2024-11-19,Monitors,32-inch 8K Professional Monitor,5,646.55
2024-11-20,Headsets,Surround Sound Headphones,2,204.6
2024-11-20,Keyboards,Membrane Office Keyboard,4,307.28
2024-11-20,Keyboards,Mechanical Gaming Keyboard,2,176.6
2024-11-20,Keyboards,RGB Backlit Keyboard,3,390.9
2024-11-20,Headsets,Wireless Bluetooth Headphones,5,336.55
2024-11-20,Headsets,Surround Sound Headphones,5,408.8
2024-11-20,Mice,Precision Laser Mouse,4,231.6
2024-11-21,Networking,USB Wi-Fi Adapter,3,1303.35
2024-11-21,Headsets,Surround Sound Headphones,2,245.7
2024-11-21,Storage,2TB External HDD,1,224.62
2024-11-21,Mice,Trackball Mouse,4,696.56
2024-11-22,Mice,Wireless Bluetooth Mouse,2,210.28
2024-11-22,Keyboards,Wireless Ergonomic Keyboard,4,439.72
2024-11-22,Networking,Powerline Ethernet Adapter,5,1871.25
2024-11-23,Monitors,24-inch 144Hz Gaming Monitor,3,1817.76
2024-11-23,Storage,1TB NVMe SSD,4,226.88
2024-11-24,Mice,Optical Gaming Mouse,2,332.98
2024-11-24,Monitors,27-inch 4K IPS Monitor,4,3080.52
2024-11-25,Headsets,USB Conference Headset,3,362.58
2024-11-25,Headsets,USB Conference Headset,1,94.12
2024-11-25,Headsets,In-Ear Gaming Earbuds,2,247.66
2024-11-25,Networking,Powerline Ethernet Adapter,2,981.44
2024-11-25,Headsets,USB Conference Headset,3,423.51
2024-11-26,Monitors,32-inch 8K Professional Monitor,1,442.96
2024-11-26,Headsets,Surround Sound Headphones,2,352.58
2024-11-26,Networking,USB Wi-Fi Adapter,4,1336.28
2024-11-27,Storage,128GB USB Flash Drive,1,51.36
2024-11-27,Headsets,Wireless Bluetooth Headphones,3,231.12
2024-11-27,Headsets,USB Conference Headset,5,680.2
2024-11-27,Headsets,Surround Sound Headphones,3,463.86
2024-11-27,Storage,128GB USB Flash Drive,4,300.72
2024-11-27,Keyboards,Wireless Ergonomic Keyboard,2,278.32
2024-11-28,Networking,Wireless Mesh Router System,2,250.22
2024-11-28,Keyboards,Mechanical Gaming Keyboard,1,188.62
2024-11-28,Monitors,15.6-inch Portable USB-C Monitor,1,123.73
2024-11-28,Monitors,15.6-inch Portable USB-C Monitor,1,193.54
2024-11-28,Storage,2TB External HDD,1,206.8
2024-11-28,Monitors,24-inch 144Hz Gaming Monitor,2,645.32
2024-11-28,Headsets,Surround Sound Headphones,2,87.26
2024-11-28,Mice,Optical Gaming Mouse,1,139.44
2024-11-28,Headsets,Surround Sound Headphones,4,782.0
2024-11-29,Storage,512GB Portable SSD,5,750.55
2024-11-29,Networking,Powerline Ethernet Adapter,2,631.74
2024-11-29,Monitors,15.6-inch Portable USB-C Monitor,4.0,2117.71
2024-11-30,Networking,Powerline Ethernet Adapter,3,1377.06
2024-11-30,Monitors,15.6-inch Portable USB-C Monitor,2,1648.48
2024-12-01,Monitors,24-inch 144Hz Gaming Monitor,3,1412.94
2024-12-01,Mice,Vertical Ergonomic Mouse,1,20.02
2024-12-01,Mice,Vertical Ergonomic Mouse,3,313.38
2024-12-01,Keyboards,Compact 60% Keyboard,4,295.72
2024-12-02,Monitors,24-inch 144Hz Gaming Monitor,5,1540.45
2024-12-02,Keyboards,Membrane Office Keyboard,3,161.82
2024-12-02,Storage,128GB USB Flash Drive,4,389.88
2024-12-03,Networking,Network Attached Storage (NAS),4,597.08
2024-12-03,Keyboards,Compact 60% Keyboard,2,225.98
2024-12-03,Storage,512GB Portable SSD,3,615.24
2024-12-03,Storage,512GB Portable SSD,4,323.04
2024-12-03,Keyboards,Wireless Ergonomic Keyboard,2,144.26
2024-12-03,Networking,Network Attached Storage (NAS),5,1268.75
2024-12-04,Networking,Powerline Ethernet Adapter,4,538.04
2024-12-04,Keyboards,Wireless Ergonomic Keyboard,1,194.55
2024-12-04,Keyboards,Wireless Ergonomic Keyboard,1,70.78
2024-12-04,Mice,Precision Laser Mouse,1,61.91
2024-12-04,Mice,Optical Gaming Mouse,4,236.36
2024-12-04,Monitors,24-inch 144Hz Gaming Monitor,4.0,2398.36
2024-12-05,Monitors,27-inch 4K IPS Monitor,3,516.6
2024-12-05,Mice,Optical Gaming Mouse,3,478.86
2024-12-05,Keyboards,Membrane Office Keyboard,4,210.76
2024-12-05,Headsets,Surround Sound Headphones,1,41.95
2024-12-05,Networking,Gigabit Ethernet Switch,4,1588.2
2024-12-06,Monitors,34-inch Ultrawide Curved Monitor,1,279.26
2024-12-06,Networking,Wireless Mesh Router System,5,1748.5
2024-12-07,Mice,Precision Laser Mouse,4,570.64
2024-12-07,Headsets,USB Conference Headset,2,266.5
2024-12-07,Keyboards,Membrane Office Keyboard,5,209.95
2024-12-07,Monitors,24-inch 144Hz Gaming Monitor,2,848.76
2024-12-07,Keyboards,Wireless Ergonomic Keyboard,1,62.47
2024-12-07,Monitors,24-inch 144Hz Gaming Monitor,1,250.62
2024-12-08,Headsets,In-Ear Gaming Earbuds,1,91.25
2024-12-08,Mice,Optical Gaming Mouse,1,124.59
2024-12-08,Networking,Network Attached Storage (NAS),5,598.75
2024-12-08,Keyboards,Wireless Ergonomic Keyboard,2,219.98
2024-12-08,Networking,Powerline Ethernet Adapter,3,1406.64
2024-12-09,Networking,Wireless Mesh Router System,1,209.98
2024-12-09,Mice,Trackball Mouse,1,42.65
2024-12-09,Mice,Vertical Ergonomic Mouse,5,809.7
2024-12-09,Headsets,Surround Sound Headphones,2,47.68
2024-12-09,Monitors,24-inch 144Hz Gaming Monitor,2,651.26
2024-12-09,Keyboards,Compact 60% Keyboard,4,482.48
2024-12-10,Storage,128GB USB Flash Drive,2,366.02
2024-12-10,Storage,512GB Portable SSD,3,683.25
2024-12-10,Headsets,In-Ear Gaming Earbuds,5,244.3
2024-12-10,Storage,2TB External HDD,4,439.32
2024-12-10,Headsets,In-Ear Gaming Earbuds,3,305.19
2024-12-11,Networking,Powerline Ethernet Adapter,4,1520.6
2024-12-11,Keyboards,Membrane Office Keyboard,3,479.04
2024-12-11,Mice,Vertical Ergonomic Mouse,1,138.49
2024-12-12,Storage,128GB USB Flash Drive,2,343.0
2024-12-12,Monitors,15.6-inch Portable USB-C Monitor,2,1303.48
2024-12-12,Headsets,Surround Sound Headphones,3,119.64
2024-12-12,Storage,1TB NVMe SSD,1,255.5
2024-12-13,Mice,Wireless Bluetooth Mouse,1,56.37
2024-12-13,Monitors,34-inch Ultrawide Curved Monitor,1,128.64
2024-12-13,Networking,Network Attached Storage (NAS),4,1146.48
2024-12-13,Networking,Powerline Ethernet Adapter,3,216.27
2024-12-13,Mice,Trackball Mouse,1,22.36
2024-12-13,Mice,Precision Laser Mouse,1,104.25
2024-12-13,Networking,Wireless Mesh Router System,3,903.33
2024-12-14,Monitors,24-inch 144Hz Gaming Monitor,1,841.28
2024-12-14,Headsets,In-Ear Gaming Earbuds,1,152.17
2024-12-14,Headsets,Noise-Cancelling Gaming Headset,2,385.82
2024-12-14,Keyboards,Mechanical Gaming Keyboard,2,231.4
2024-12-14,Mice,Wireless Bluetooth Mouse,5,691.2
2024-12-15,Storage,2TB External HDD,5,1161.4
2024-12-15,Monitors,27-inch 4K IPS Monitor,5,2110.85
2024-12-16,Monitors,32-inch 8K Professional Monitor,1,250.13
2024-12-16,Mice,Trackball Mouse,4,443.36
2024-12-16,Networking,Gigabit Ethernet Switch,5,2496.5
2024-12-17,Monitors,24-inch 144Hz Gaming Monitor,3,1785.21
2024-12-17,Headsets,USB Conference Headset,4,630.2
2024-12-18,Monitors,24-inch 144Hz Gaming Monitor,5,1583.25
2024-12-18,Storage,2TB External HDD,4,946.96
2024-12-19,Networking,USB Wi-Fi Adapter,3,1448.22
2024-12-19,Monitors,32-inch 8K Professional Monitor,1,753.68
2024-12-20,Headsets,In-Ear Gaming Earbuds,1,113.17
2024-12-20,Headsets,Noise-Cancelling Gaming Headset,3,591.57
2024-12-20,Mice,Vertical Ergonomic Mouse,1,158.87
2024-12-20,Networking,USB Wi-Fi Adapter,5,1400.35
2024-12-21,Storage,4TB Desktop HDD,2,110.92
2024-12-21,Monitors,24-inch 144Hz Gaming Monitor,2,449.14
2024-12-21,Headsets,In-Ear Gaming Earbuds,2,123.88
2024-12-21,Headsets,Noise-Cancelling Gaming Headset,5,459.8
2024-12-21,Mice,Optical Gaming Mouse,3,488.16
2024-12-21,Mice,Precision Laser Mouse,5,837.55
2024-12-22,Keyboards,Membrane Office Keyboard,3,80.19
2024-12-22,Storage,128GB USB Flash Drive,1,240.63
2024-12-22,Headsets,USB Conference Headset,4,379.88
2024-12-22,Keyboards,Wireless Ergonomic Keyboard,5,935.8
2024-12-22,Networking,Network Attached Storage (NAS),1,187.15
2024-12-22,Keyboards,RGB Backlit Keyboard,5,608.4
2024-12-23,Headsets,In-Ear Gaming Earbuds,2,95.16
2024-12-23,Networking,Network Attached Storage (NAS),4,1555.12
2024-12-23,Storage,4TB Desktop HDD,1,89.96
2024-12-23,Headsets,Surround Sound Headphones,2,87.58
2024-12-23,Keyboards,Compact 60% Keyboard,5,770.8
2024-12-24,Storage,128GB USB Flash Drive,3,158.91
2024-12-24,Storage,128GB USB Flash Drive,2,471.5
2024-12-24,Monitors,15.6-inch Portable USB-C Monitor,2,1078.14
2024-12-24,Networking,Powerline Ethernet Adapter,2,605.06
2024-12-25,Networking,Powerline Ethernet Adapter,2,318.08
2024-12-25,Headsets,Surround Sound Headphones,3,429.75
2024-12-25,Storage,1TB NVMe SSD,1,211.37
2024-12-25,Monitors,24-inch 144Hz Gaming Monitor,3,814.32
2024-12-25,Headsets,In-Ear Gaming Earbuds,1,158.54
2024-12-25,Mice,Vertical Ergonomic Mouse,5,839.45
2024-12-26,Monitors,15.6-inch Portable USB-C Monitor,2,992.84
2024-12-26,Mice,Wireless Bluetooth Mouse,3,144.24
2024-12-26,Networking,Wireless Mesh Router System,1,382.81
2024-12-26,Mice,Trackball Mouse,2,352.76
2024-12-26,Headsets,Noise-Cancelling Gaming Headset,3,434.64
2024-12-27,Keyboards,RGB Backlit Keyboard,4,419.24
2024-12-27,Headsets,Wireless Bluetooth Headphones,5,290.7
2024-12-27,Storage,4TB Desktop HDD,3,534.54
2024-12-27,Storage,2TB External HDD,1,131.68
2024-12-27,Networking,Powerline Ethernet Adapter,1,164.96
2024-12-27,Keyboards,RGB Backlit Keyboard,2,324.1
2024-12-27,Storage,512GB Portable SSD,1,155.54
2024-12-28,Keyboards,Mechanical Gaming Keyboard,4,555.48
2024-12-28,Networking,USB Wi-Fi Adapter,1,58.59
2024-12-28,Networking,Network Attached Storage (NAS),2,981.82
2024-12-28,Storage,1TB NVMe SSD,3,482.58
2024-12-29,Storage,4TB Desktop HDD,1,80.33
2024-12-29,Storage,128GB USB Flash Drive,5,1400.55
2024-12-29,Keyboards,Mechanical Gaming Keyboard,2,372.02
2024-12-29,Headsets,USB Conference Headset,4,363.24
2024-12-30,Mice,Optical Gaming Mouse,3,429.54
2024-12-30,Headsets,USB Conference Headset,2,398.56
2024-12-30,Storage,512GB Portable SSD,1,198.96
2024-12-30,Monitors,27-inch 4K IPS Monitor,5.0,2472.9400000000005
2024-12-31,Mice,Wireless Bluetooth Mouse,3,544.47
2024-12-31,Networking,Gigabit Ethernet Switch,1,378.45
2024-12-31,Storage,4TB Desktop HDD,2,285.36
2024-12-31,Storage,2TB External HDD,4,1168.2
